t8v_3oANT10	NA	4910.0	The Science of Women’s Health: Strength, Creatine, Body Composition, & Aging | Dr. Abbie Smith-Ryan
Cup48aRU_MQ	NA	463.0	The Mindset That Helps You Do Hard Things | Andy Stumpf
bJ49D_F7yLM	NA	2072.0	Youth Sports' 70% Dropout Myth, Empty Nesting & the Starrett System | RECESS
7SaTFjnFW5g	NA	359.0	Self-Talk, Asking for Help, & Staying Strong Through Adversity | Andy Stumpf
VZn5Q0N-2r8	NA	5265.0	How to Build Resilience, Find Clarity, and Stay Calm Under Pressure | Andy Stumpf
j0YMQjqbCt4	NA	374.0	Why Even The Fitness Marshall Needs a Coach
2gor6BvPhNA	NA	1879.0	RECESS: Hiking the Swiss Alps on a Torn ACL, Thorne Sold, GLP-1 Watch & Tour de France Femmes
rkM2AxPCoeM	NA	522.0	What The Fitness Marshall’s ACL Injury Taught Him About Recovery, Mindset, & Resilience
Sik3ZrifRAE	NA	4294.0	Why Joy Is the Missing Ingredient in Fitness & Long-Term Health | The Fitness Marshall
JqjtYD1dU08	NA	399.0	The Olympic Warmup That Shocked the World | Marin Lazic
UmQLj1M_fBA	NA	647.0	Hippo Bronx (Now with Puppets!) | Juliet Starrett's Hippo Attack Story
Bpnl08GOYOo	NA	3876.0	Juliet Starrett Was Attacked by a Hippo on the Zambezi River | RECESS
NWL7nzyWIKY	NA	283.0	How Stress Destroyed My Performance in Just 48 Hours | Marin Lazic
4Zodx708GVY	NA	4403.0	Why the Best Coaches Build Happy Athletes | Marin Lazic
nM1uoUXJwBs	NA	507.0	Why Your Mindset Matters More Than Your Injury | John John Florence
bGfmlObJwvM	NA	2017.0	RECESS: 200 Episodes, The Sledgehammer Incident, Klamath River Reset & A Modifiable Dementia Risk
nFiPUpNA7D8	NA	424.0	Why the Best Parts of Life Can't Be Rushed | John John Florence
51TgvU2fORQ	NA	4025.0	The Mindset Behind Longevity, Injury Recovery, & Elite Performance | John John Florence
hML81v1BR6Y	NA	472.0	30 Minutes on Your Phone Is Rewiring Your Brain | Dr. David Rabin
mqA8d5_o8SM	NA	2059.0	RECESS: Kate Courtney's Road Cycling Takeover, Surgery Nutrition, Athlete Fueling, and Coffee Wars
JpZkUwjRcQY	NA	390.0	Why You Remember Embarrassment From 20 Years Ago | Dr. David Rabin
ZLPG5m0fdD0	NA	5018.0	The Science of Stress, Safety, & the Nervous System | Dr. David Rabin
WtNnmdY8SEI	NA	659.0	What to Do Immediately After an Injury | The D2R2 Method
jfKueEhCklw	NA	428.0	If Most of Your Athletes Get Injured, That's Not Normal | Jack Brown
QWicyzHNPIA	NA	1767.0	RECESS: GLP-3s, College ROI, Fake Fitness Influencers, and the Existential Dread of Liminal Spaces
0ODFKAMFpNk	NA	403.0	What Most Parents Get Wrong About Strength Training for Young Athletes | Jack Brown
eZkbf6O27LI	NA	5538.0	The Future of Youth Sports: Building Stronger, Healthier, & More Durable Athletes | Jack Brown
8lc0b2j1B5k	NA	353.0	Why Breathing Through Your Mouth Can Be a Problem | Patrick McKeown
-NnO7TJZnF8	NA	1706.0	RECESS: Cancer Shaming, Youth Sports Nutrition, and NARP Moms
Q2urVAQQUCg	NA	446.0	The Hidden Sleep Disorder Affecting Women | Patrick McKeown
KlcfRUwN6d8	NA	6987.0	How Breathing Shapes Sleep, Stress, Performance, & Longevity | Patrick McKeown
XnPfU6o-no0	NA	402.0	The Mindset Shift That Changes Injury Recovery
1fa2ben4ZIQ	NA	338.0	Why Treating Pain Isn’t Fixing the Problem | Jeffrey Bland
lnvB8JUrFRo	NA	1844.0	RECESS: Juliet & Kelly Starrett on Social Connection, Rachel Entrekin’s Self-Talk, and Prom Maxxing
6nCGc5-S4HQ	NA	426.0	The Real Meaning of Functional Medicine | Jeffrey Bland
Fk3N5bXCtC8	NA	4439.0	Rethinking Health: Inflammation, Longevity & the Functional Medicine Approach | Jeffrey Bland
JfWoqZfEL98	NA	390.0	They Built the iPhone First… And Failed Anyway
bprv1K3XRvg	NA	2021.0	RECESS: Juliet & Kelly Starrett on NCAAs, Healthy Aging, Dean Potter, and the Meowfia
NGloKoy7pqk	NA	369.0	Why You Can’t Focus & How to Finally Fix It
r9nqY7PHxis	NA	5085.0	The Hidden Rule Behind Focus, Creativity, and Better Decisions
VVRDZNJsW0Y	NA	1292.0	Front of Shoulder Pain? Check This First
tBHaE7gRlhU	NA	371.0	Your Attention Span Is Only 3 Seconds | Steven Kotler
s-aM5zO2KRE	NA	420.0	Why Your Brain Can’t Keep Up Anymore | Steven Kotler
y42s6BO4UG8	NA	1154.0	Pain After Injury? Start with Decongestion
XNsMNd_VDvk	NA	4685.0	How to Stay Sharp, Creative, and Focused in the Age of AI | Steven Kotler
SwzDp72qE2E	NA	332.0	Cesalina Gracie on Women’s Safety, Awareness & Self-Protection
KevAbzc1hWE	NA	541.0	Cesalina Gracie on Surviving Everest Avalanches & the Death Zone
25NJ4Q_0Fe4	NA	3936.0	The Truth About ACL Rehab ⏳ Why It Takes a Year with Coach Carmen Bott
rTJCsTK62sc	NA	4142.0	Why Good Stress Makes You Stronger 🧠 💪 | Dr. Sharon Bergquist on Hormesis, Resilience & Longevity
uEDYfe_2LMc	NA	601.0	Hip Extension Test You Should Try Today
B5qy-oC1vYc	NA	6214.0	Cesalina Gracie on Self-Belief, Women’s Safety, and Staying Calm Under Pressure
X8ZSxkhi_4g	NA	3973.0	👉 Is Stem Cell Therapy or PRP Right for You? 💉 | Dr. Drew Timmermans
2s_jouLLy-s	NA	4475.0	Why Your Shoes Might Be Ruining Your Feet with Dr. Emily Splichal
kkAXecK6WLw	NA	487.0	How Pro Sports Teams Use Lighting to Boost Recovery, Wellness, and Performance
7eKVSOfAqTU	NA	3566.0	The Shocking Link Between Oral Health & Longevity
t9GCLCCAZLs	NA	614.0	The Hidden Weak Link in Your Squat & Deadlift
S3Xn_hpu3Cg	NA	453.0	Why Light Is a Pillar of Health, Sleep, and Performance
rRyrge3HXeI	NA	3814.0	How Light Impacts Your Sleep, Recovery, and Health
1eHjlCQ2yz4	NA	1212.0	Restore Hip Rotation to Address Back, Knee & Hip Pain
Erc1PoySPUk	NA	4010.0	The Fitness ‘Check Engine Light’ You Need
Elyrtem7oaY	NA	494.0	Why Some People Don’t Lose Brain Function as They Age 🧠
iMga9JVs81U	NA	475.0	Hip Flexion: The Missing Piece in Low Back Pain
vNbVarptrSo	NA	455.0	Perimenopause Brain Fog or Dementia Risk? What Women Should Know 🧠
UExA3RAjAFA	NA	5776.0	🚫 Don’t Fall for These Health Myths & Nutrition Lies 😱 with Dr. Jessica Knurick
uahHJvRZw5Q	NA	4243.0	🧠 Top 3 Gut Health Tips to Boost Energy and Sleep with Dr. Amy Shah
FzU5TxLwRuw	NA	4634.0	#1 Predictor of Dementia (Not Genetics)—Stimulate Your Mind & Prevent Alzheimer’s | Dr. Tommy Wood
7Hki93RqH1I	NA	547.0	Big Levers vs Biohacks: The Health Basics That Actually Move the Needle
23AlHMcQS34	NA	511.0	What Should You Really Track? The Truth About Wearables, Bloodwork & Health Data
P6Au5miiHCs	NA	4387.0	Excellence vs. Hustle Culture: What Really Matters with Brad Stulberg
r0QiFIm1RSQ	NA	3763.0	The Secret to Thriving Outside Your Comfort Zone
yVuOzBXTACo	NA	4544.0	Real Health vs. Internet Fads: The Truth Revealed with Dr. Rachele Pojednic
EceoAOV8NQs	NA	3774.0	Muscle: The Ultimate Key to Longevity
2N2hI-Jv1js	NA	368.0	The Biggest Loser Study: Why Exercise Didn’t Stop Metabolic Slowdown
s5fhrUPucnc	NA	490.0	When Nutrition Science Clashed With RFK Jr.’s Food Narrative — Dr. Kevin Hall
Xoe2Tve_xJE	NA	4443.0	Performance Without Burnout  The Systems Behind Lasting Success
Z9aEJHiRp-0	NA	4981.0	The Biggest Myth About Metabolism—Debunked!
zXkvqdOo9jM	NA	3946.0	Pelvic Floor Secrets: What Every Man & Woman Should Know with Dr. Sara Reardon
aiQofAZiWO4	NA	5199.0	Racing Rapids, Raising Kids, & Risking It All: Sue Norman’s Journey
PmrP44GkXZo	NA	4410.0	Why 120 Minutes in Nature Can Transform Your Health with Jay Maddock
zPp0hSFPrwo	NA	7078.0	Nathan Adrian on Olympic Success, Cancer Survival, and Starting Over
keHvKJpAOuo	NA	4040.0	Break the “All or Nothing” Fitness Trap with Katy Bowman & Dr. Diana Hill
7RYQ2oyV_H4	NA	4774.0	The Future of PT: Cash Clinics & AI with Danny Matta
eZJa80SPJz0	NA	4508.0	Why Every Kid NEEDS Athletic Development Training Before Age 12 with Jeremy Frisch
KTzSG-e6gjA	NA	5121.0	Why Gamifying Warm-Ups is a Game-Changer with Rett Larson 🏐
n6AGLMfV_2w	NA	197.0	Dr. Kelly Starrett - Public Speaker in Mobility, Fitness and Longevity
oeC6uqpWHoc	NA	3879.0	Why Most Americans Fail at Nutrition (And How to Fix It) with EC Synkowski
oEI6agv_-6I	NA	3679.0	50 Million Slaves: The $250B Crisis You Must Know About with Alana Stott
TsqwZF4eFKA	NA	3725.0	Could 'Sleep Divorce' Save Your Relationship?  With Wendy Troxel
QhWrhH8S9cc	NA	4461.0	Running Is the WORST Exercise for Weight Loss with Mark Sisson
4wnYAid41XY	NA	4416.0	The Surprising Truth About Elite Performance & The Youth Sports Epidemic with Steve Magness
uI3PDwAXZ30	NA	5827.0	Aaron Leventhal on the Fit Standards Enabling People to Take Charge of Their Own Wellness
7uqPMVz2_g0	NA	4627.0	Dr. Darshan Shah on Bridging the Gap in Healthcare with a Parallel Model Focusing on Longevity
7ncBnNh3zT8	NA	4641.0	Jason Sacks on Positive Coaching and Centering the Athlete's Wellbeing in Sport
aYC17fAFrhU	NA	3506.0	Dr. Heather Sandison on Reversing Alzheimer's and Preventing Cognitive Decline at Any Age
MN_uOfJuZqo	NA	3523.0	150 Episodes: Lessons We’ve Learned, Surprises We’ve Encountered, and Lifestyle Changes We’ve Made
pAawJnEb1bQ	NA	3801.0	Meg Fisher on The Healing Potential of Sport
_svyDNjkCuE	NA	78.0	An Upgraded Mobility Coach App is Near 🔥 DUNE TRAILER
SG4_DTsx-FY	NA	4253.0	Dean Stott on Resilience, Transitioning from Special Forces, and Setting World Records
1jxaBUQALGY	NA	61.0	Zombie Thirst Traps
0YqBGD7H8CE	NA	4211.0	Chase Jarvis on Taking Risks to Achieve a Life You Love
o2KEDVPrH0I	NA	4460.0	Dr. Vonda Wright on Active Aging
cfkZN18fTbs	NA	4283.0	Joanne Lipman on Career and Life Transitions
Z8gZwDC8_Pg	NA	5061.0	Sam Walker on Leadership and What Makes the Greatest Dynasties Great
NYKzePD5RhQ	NA	5577.0	Dr. Mary Claire Haver on Demystifying Menopause
5HHIYVv8yeY	NA	4294.0	Michael Easter on Recognizing Scarcity Mindset and Shedding Habits that Don't Serve You
FpabUdIIMXE	NA	3730.0	David Vaux on Strength Training in Midlife for Longevity
keVBPTfIKPI	NA	3836.0	Mike Brown on Bridging the Gap Between Wealth and Financial Freedom
7qh6kYKe81I	NA	4493.0	Emily Kraus on RED-S and Actionable Advice for Keeping Developing Athletes Healthy
SlGe_sbU4VQ	NA	4621.0	Colin O'Brady
oAIM1c4A1l0	NA	3883.0	Nolan Kim on Limiting Beliefs, Being Present, and the Power of Magic
ybR6WXLLJ1c	NA	42.0	The Ready State
0DVUHs8JRDI	NA	3824.0	Justin Roethlingshoefer on Leveraging Data to Own Your Health | The Ready State Podcast
r0l66NF0S6o	NA	4349.0	Karissa Bodnar on Thriving as an Entrepreneur with Purpose | The Ready State Podcast
2urgViAk9-E	NA	5456.0	The Ready State Podcast: Kirk Parsley
d9-yzq9ocPA	NA	3623.0	The Ready State Podcast: Dan Buettner
NgcKgMOz02s	NA	4407.0	The Ready State Podcast: Caroline Paul
dL8W5UI4RMs	NA	3689.0	The Ready State Podcast: Tia Toomey
2iPKwHSWhiM	NA	4963.0	The Ready State Podcast: Michael Gervais
7aY3HuLl38w	NA	4477.0	The Ready State Podcast: Dan Garner
ugt5VFYygzQ	NA	4760.0	The Ready State Podcast: Kristen Holmes
5vvHyFgtr9Y	NA	3967.0	[TRS Pod] Bonnie Wan: A New Take on Goal Setting and Living Life Without Regret
MccqtmTFFJQ	NA	4392.0	[TRS Podcast] Eric Freitag: Concussions, Recovery, and the Action Plan You Need at the Ready
rHGPdyNQ-TU	NA	84.0	When Mobilizing Hurts Here Are Two Ways To Know It's Okay
e1n08ttrXr8	NA	89.0	Can You Pass The Sit And Rise Test?
UE49FvQWDNQ	NA	89.0	What is Hip Extension and Why Does it Matter?
1pvccBDhT0A	NA	72.0	For Heel or Achilles Pain Start With The Bone Saw
COrQyqMS9o0	NA	82.0	My 2 Favorite Pressing Positions If You Struggle in Overhead Work
j8spbklp0Eg	NA	4833.0	[TRS Pod] Tommy Wood: Brain Health, Novel Stimuli, & Actionable Advice to Keep You Sharp as You Age
sn9C4nkLTdU	NA	90.0	A Simple Way To Get Out Of Rotator Cuff Pain
b7YMUZtowgo	NA	85.0	What Does Healthy Physiology Look Like?
HtsxW2x7A9I	NA	6900.0	Andy Galpin: Removing Performance Anchors, Strength and Cognition, and the Future of Digital Twins
ZFOtUMg9Pco	NA	82.0	Don't Waste Your Air Squats As Unskilled Cardio
g59wPGRy5hI	NA	69.0	Why We Stopped Programming Overhead Swings With Our Athletes
EYAEcJQpczw	NA	65.0	When Should You Stop An Athlete?
kAtIjdwpBnY	NA	85.0	Your Pain is Connected to a Position: Figure It Out and Fix It
_PTqSxyUHso	NA	3588.0	[TRS Pod] Jared Hanley: The Profound Health Benefits of Spending Time Outside
fhJ3joz9Nww	NA	87.0	Painful Push-ups? Try This Strategy
uKWjgESFD2w	NA	4618.0	[TRS Pod] Adam Bornstein: Ditching Diet Culture, Mindset Changes, and Expanding Your Comfort Zone
SwvgRMFT0NM	NA	71.0	Knee Pain Could Be As Simple As Stiff Quads Captions
UjIrtrTRtRs	NA	87.0	Variations to Upgrade Your Planks
yWeyEeaXU6Q	NA	83.0	Biomechanics of Pelvis and Femur For Back Pain
aVPypoVMGwQ	NA	4073.0	[TRS Pod] Tom Walters Empowering People w/ Simple Exercises to Alleviate Pain & Recover from Injury
ALV0z_UyTYI	NA	61.0	Spinal Motion: Use It Or Lose It
UMHbQICGTYU	NA	64.0	No Barbell Banded Jefferson Curl Alternative
9K1C7WR6yvk	NA	3925.0	[TRS Podcast] Brad Stulberg: Mastering Change, Taking Action, and Rugged Flexibility
Rw05qd1BE-4	NA	76.0	How to Relieve Back Pain from Biking or Sitting
PzMoqRNc0Sg	NA	75.0	Improve Recovery Work Adherence with Partner Mobility
YwcopzbHZeM	NA	4495.0	[TRS Podcast] Shawn Stevenson: Creating Kitchen & Table Culture to Reap the Benefits of Family Meals
TeNQvNqK4F4	NA	89.0	The Hamstrings of the Upper Body
UJVytDlDaec	NA	72.0	How To Warm Up With a Tweaked Shoulder
_ba8AKqsEEA	NA	66.0	How to Use Voodoo Floss to Relieve Elbow Pain
SCL7NFwb_28	NA	64.0	Mobilize It To Switzerland
J1bpmSliS-s	NA	87.0	Why You Have to Work Upstream and Downstream From Your Pain
ikd4XkVGMH0	NA	90.0	What Does "Don't Lift With Your Back" Really Mean?
Z3YfLJnLr_U	NA	309.0	How Are You Measuring Progress in Sport
EQ_YOis7iDQ	NA	68.0	A Quick BFR Session Can Lessen Pain During Your Workout
5V3LUDDm2xs	NA	78.0	Coaches: Connect Squatting Skills for Your Athletes by Focusing on the Feet
R6yNBc7woVo	NA	64.0	Couch Stretch Sommelier: Hip Pain
_WqGt0cUXJU	NA	91.0	Why We Walk With Feet Straight
3l8qpHGsNp4	NA	88.0	Foot Pressure To Change Low Back Pain
zg3iQlodx4w	NA	63.0	How To Do A Banded Hip Flexion (And Why)
_Vx9eH-EGlU	NA	59.0	Freedom Mobs
0a-vi75RkjY	NA	80.0	My 3 Favorite Balance Trainers
-ZpDoiw0pxc	NA	66.0	5 Ways to Upgrade Your Sled Game
995jPE935tc	NA	86.0	How To Do A Punch Bully And Why
_00MiuVLcnk	NA	91.0	How To Do A Banded Bully In Extension (And Why)
zuqWRx3DNuY	NA	67.0	How To Do A Banded Bully And Why
Zl-hfmxkti8	NA	62.0	How To Do A Banded Hip Extension (And Why)
sIwuJk663_s	NA	90.0	You Want to Quit?
gaR0th_7KkU	NA	87.0	How To Do The Hip Capsule Mobilization (And Why)
jaqnz4WTq9Q	NA	4692.0	[TRS Podcast] Josh Appel: Pararescue, Emergency Medicine, and a Lifetime Commitment to Service
5jV87NY7yMk	NA	91.0	When & Why Do We Mobilize?
iHlrx4mwFDY	NA	87.0	Voodoo Floss How To: Dealing with a Swollen Ankle
N9MPCp1HpJY	NA	4535.0	Jason & Colleen Wachob: Well-Being vs. Wellness, Accessibility, & Building Habits That Bring You Joy
Q5fwm8gp7TQ	NA	90.0	Voodoo Floss How To: Restore Ankle Range of Motion
ZKQVhsWX618	NA	90.0	Day in the Life: Built To Move Sweepstakes GRAND PRIZE WINNER Fantasy Trip
hYxK37HA2ow	NA	77.0	Untangling Your Groin Gnarliness
jSED13voIos	NA	80.0	2 Tests to See if Your Adductors Are Part of the Problem
mC4NYvScRco	NA	88.0	Movement & Mobility 101: Wine Country CrossFit Testimonial
tBJp1mdujxk	NA	67.0	Partner Mob FTW: Adductors Part II
HQXZSn1W4qo	NA	76.0	Breaking High Tone in a Muscular System
FLcJloDLx_k	NA	4683.0	[TRS Podcast] Tom Morris – Resilience Mindset, Controlling the Controllables, & Achieving Goals
pd3j8-YtHEw	NA	79.0	Movement & Mobility 102: Wine Country CrossFit Testimonial
O8KKko2mtDQ	NA	72.0	How to Adopt a Better Resting Posture
OANrO1Tl2YE	NA	82.0	Partner Mob FTW: Hamstrings (Safe Word: Brisket)
RRvi94r9sq0	NA	74.0	Who Should Be Taking Creatine?
n6XYM4RgLpc	NA	69.0	Butt Squeeze for Max Steeze (Part II)
kxsyPZR0mAM	NA	4287.0	The Ready State Podcast: Dr. Darren Candow
yWuuFqE_UUQ	NA	89.0	High Hamstrings Are Such a Pain in the Butt
z3a7-JwxzbA	NA	103.0	Butt Squeeze for Max Steeze (Part I)
wKNQ4mn7aoY	NA	65.0	Katy Bowman on The Ready State Podcast: Macronutrients & Movement
Fz9ofLEARY0	NA	1009.0	You Should Not Put Ice on an Injury [Rich Roll Podcast]
7Z2EBYDCz8o	NA	76.0	Current Obsession: Throwing the GORUCK Sand Kettlebell
Vn0U7c7o9QM	NA	73.0	Partner Mob FTW: Adductor & Hamstring in Extension
0sYCIRXWkbU	NA	61.0	Save 30% On The HookUp
EZ5pX5nWqN0	NA	62.0	Partner Mob FTW: Adductors
v1KDLlxmPMU	NA	63.0	Special Hip Physiology? Try a Single Leg Press
xXccOncLNT0	NA	89.0	Partner Mobilization: Shoulder Internal Rotation
34MZ6biZyQ0	NA	88.0	Jen Widerstrom as Phoenix
HiWYIPD72zE	NA	86.0	Change Your Life: Upgrade Your Transmission
RhNJRzRLahA	NA	5569.0	The Ready State Podcast: Sean Pastuch
wraTwCAJbg4	NA	61.0	Make It Easier To Do The Right Thing
F70oORNZrI4	NA	90.0	A Better Swimmer's Stretch
hmA274l6xvE	NA	76.0	Blood Flow Restriction (BFR) Doesn't Have to be Basic
tn9EhomRMj0	NA	103.0	Can You Pass The Couch Test?
NkfU8s5iRjE	NA	290.0	You Probably Don't Have Special Hip Physiology
RT3m_ZSCUiE	NA	3409.0	The Ready State Podcast: Joyce Shulman
Echc5_BKUqI	NA	74.0	Improve Ankle Mobility: Roller Bone Saw
tdYjpTQ0AQY	NA	160.0	How To Assess Hip Range of Motion: Flexion
NnNGdb4_DD0	NA	87.0	Murph: After Action Report
lAia9goOBLE	NA	86.0	Why You Should Ball Your Blades
fkdOJeyRzVs	NA	168.0	Do You Even Back Chain, Bro?
5ie89UKeuFA	NA	157.0	A Physio Favorite: Partner Ankle Mobilization
VK3Ogisx6gA	NA	133.0	Systems Approach to Complex Movement Behavior
gnsetXo2wfU	NA	84.0	Best Barbell Accessory: Split Squat Pad
EeuVycTo8VQ	NA	3401.0	The Ready State Podcast: Dave Colina
6zo8tnlh9AQ	NA	91.0	Can You Pass the Airport Scanner Arms-Raise Test?
EiOQp5TDlmc	NA	72.0	The Sewage System of your Body
W-Wm8IkWUEQ	NA	65.0	When Should You Stop an Athlete?
Gj_2e87LBy8	NA	236.0	Built to Move: Is It For You?
aYOTtDVltvY	NA	3578.0	The Ready State Podcast: Lindsay Berra
0cOuBXMqTEM	NA	496.0	Ruck Then Run
84LhLivrZbw	NA	236.0	How Do You Win Health?
a22KATzKk4Y	NA	35.0	Mortal Kombat: Old Man Balance Test
KhjjtaJpXR0	NA	74.0	Can You Pass The Old Man Balance Test?
awTjEaNStFs	NA	85.0	Take Your Back Out of the Equation (Part 2)
nTPKYyhu4Yw	NA	91.0	Take Your Back Out of the Equation (Part 1)
iaHHPRSyDJA	NA	71.0	Challenge Your Friends: Sit-And-Rise Test
tsMr_AGQ0qM	NA	3948.0	The Ready State Podcast: Jon Gregory
jpX4ReeKpy4	NA	64.0	Pain When You Exercise?
UTdHS9BSS_s	NA	61.0	10 Vital Signs
mK8cMhhLNYw	NA	72.0	Your Elbow Pain Might Be Because You Aren't Doing Enough Curls
5kjE0w28e3k	NA	89.0	Rad n' Ready Rope Warmup: Spinal Rotation
3viGSVWKMVM	NA	91.0	Rad n' Ready Rope Warm Ups: Shoulder
M3uclCEkYYM	NA	89.0	Can You Pass the Sit-and-Rise Test?
bK9zuKy20vY	NA	61.0	Social  How Did The Book Come To Be
wQhY-mAJZhs	NA	74.0	Rad n' Ready Warmup: Elbows
RX9Uj-wsRQ0	NA	4284.0	The Ready State Podcast: Stefi Cohen
KNpfCrsQYvM	NA	84.0	When Mobilizing Hurts Here Are Two Ways to Know It's Okay
1eQTyFglgoo	NA	68.0	Pain is Not Always a Medical Problem
jbYj3AGAY5k	NA	4118.0	The Ready State Podcast: Jim "Smitty" Smith
wWDv7YsCEIQ	NA	64.0	Be The Node
e0AkP3FG4I4	NA	71.0	Got Knee Pain? First Check Those Quads
HXRVFAS7GeY	NA	64.0	Enter the Built To Move Sweepstakes
-x2sqCJaHAA	NA	4092.0	The Ready State Podcast: Jason McCarthy
9h7Vk9PfvLU	NA	3841.0	The Ready State Podcast: Joe De Sena
SN7awr_quCU	NA	62.0	From Becoming a Supple Leopard to Built to Move
GKEVdqPbxmk	NA	276.0	"Built To Move" Trailer [Full]
2lHq8e8kUi4	NA	87.0	Painful Pushup? Try This Strategy
9dXOvrF-baA	NA	61.0	Introducing The HookUp
M4Asn9s0ln8	NA	61.0	Spinal Motion: Use It Or Lose It
JjTwRHbRW1Q	NA	4578.0	The Ready State Podcast: Marcus Filly
l2Nz9CwcCSY	NA	76.0	Do you sit on a bike or at a desk a lot? This is for you.
dudauiYt1Fo	NA	63.0	Spine-First Methodology
i585MSLd-ic	NA	88.0	Got Pain? Try Point (Vector) Isometrics
q-7vcJbRDp0	NA	73.0	Does Your Deadlift Transfer?
vRRUX6jeByc	NA	88.0	Pain During a Movement? Increase Stabilization Demands
b9GQj2Qh1Oc	NA	3677.0	The Ready State Podcast: Dave Durante
3uUseiMutXg	NA	89.0	Make Your Hip Circle More Effective
Km_hD_i-fXE	NA	87.0	Upgrade Your Planks
K7tIDzzVDQ0	NA	63.0	November AMA: Herniated Discs and Nerve Pain
Kg1gRfOGkTU	NA	3739.0	The Ready State Podcast: Travis Mash
d_6LV_4_WHM	NA	89.0	Got Shoulder Pain? Do Something About It
C_P6ohy8__w	NA	4257.0	The Ready State Podcast: Lynsey Dyer
FtEPXAmC-c0	NA	3633.0	The Ready State Podcast: Shane Farmer
YfyPS6rV7oQ	NA	4256.0	The Ready State Podcast: Jeff Byers
TrU5pgl67pg	NA	78.0	November AMA Highlight #2: Treating Sever's Disease
hUyIK52NK1w	NA	76.0	Thoracic Outlet Syndrome
ToAHtKjdS5M	NA	91.0	Lynsey Dyer on The Ready State Podcast
Fx90CTqvMr8	NA	73.0	Spotting Jumpers Knee
m8ZMY5N0OH8	NA	93.0	How to Fix a Back Tweak
1J8eUZ9z2Io	NA	76.0	Are You Doing Cheater Lunges?
jIr5fXng1nU	NA	87.0	"Built To Move" Vital Sign 6: Eat Like You're Going to Live Forever.⁠
KZWZncbUIBY	NA	69.0	Use this Trick to Unlock your Squat
t250opAMzSI	NA	73.0	How To Practice Squatting in Different Shapes to Be Prepared for the Real World
l5Q5AUB4UfQ	NA	2387.0	Built To Move: Introducing Vital Signs, a Simple Way to Assess and Improve Your Ability to Move
z0kdZS5ZWyg	NA	90.0	How To Warm Up Your Shoulder and Spine Together
nkjKH68vidg	NA	84.0	How to Breathe Better Under Load
9Hrcy0hm8JM	NA	79.0	Tail Wagging the Dog: Day IV
9lCb5DUZZBM	NA	4031.0	The Ready State Podcast: Jill Miller
SlXu0LpCxR4	NA	77.0	Tail Wagging the Dog: Day III
qb2AWD-MV9g	NA	82.0	Tail Wagging the Dog: Day II
JPMchs4qHg4	NA	1938.0	Built To Move: Introducing Our New Book
BWcc-HjNBM8	NA	83.0	Tail Wagging the Dog: Day 1
T0gqCOjP4YM	NA	77.0	Hip Extension Challenge
8ueCVVAC9ic	NA	4919.0	The Ready State Podcast with Layne Norton
6MkC3WDtoZY	NA	39.0	Cover Reveal Party: Built To Move
Ae5REkOa2n4	NA	67.0	It May Not Be the Plantar Fascia That's Damaged
KGjJ00Yy5Rk	NA	89.0	World Champion of the World: Alpaca Sled Challenge
2Ma3oM0jX8U	NA	3875.0	The Ready State Podcast: Luca Padua
W7DX6Ydri0A	NA	78.0	A Better Way to Get Organized for a Deadlift
5M-sU6M3T6Y	NA	1193.0	You Can't Reach Your Full Potential Because You're Making This Trunk Pressurization Mistake
yJy4476I8yU	NA	3812.0	The Ready State Podcast: Kyla Channell
W2oiM79fx2E	NA	66.0	Feet Straight For Better Hip Function
-Nu9luyod4k	NA	90.0	4 Strategies to Break a Spasm
a3D-S0MZMwA	NA	3693.0	The Ready State Podcast: David Weck
HXHVuPeXTqM	NA	65.0	How to Use VooDoo Floss to Manage Swelling
PiRDeNukq9Y	NA	79.0	How to Train the Lumbar Multifidus
q-BF9tN0LHI	NA	86.0	How to Manage Your Scar After a Surgery
gtSxkCby7qw	NA	75.0	Stretching vs Soft Tissue Mobilization
tQINSO9QoXg	NA	63.0	If You Leave the Gym Stiff, You'll Stay Stiff
MjW_JGAaQ64	NA	84.0	Split Squat Pad FTW
wCDe62CL8iE	NA	82.0	Low Back Lockdown Try This
rjEJrSBHyp4	NA	64.0	You May Be Missing Out On A Lot Of What Your Shoulder Should Be Able To Do
5sePsdlvyOk	NA	70.0	A Favorite Deadlift Cue
6CxRTg4xpdY	NA	65.0	Before You Squat Give This Mob a Shot
u8j1vpZ-ad4	NA	4926.0	The Ready State Podcast: Brent Brookbush
ptFJN7GDjEk	NA	72.0	Is Your Shoulder Tweaked? Try This First
5INIWW8QQ68	NA	61.0	How Much Knees Out Do You Need to Squat
YqiU6IpwFXE	NA	70.0	Add a Band to Classic Stretches
jYfIssJfz6U	NA	70.0	Why You Should Choose a Roller with Texture
HYnKYwwcGqw	NA	61.0	Low Back Mobilization for After Deadlifting
Rd7GsbVH1UY	NA	77.0	Got Shin Splints?
x2GMEUHk0qo	NA	571.0	3 Things You Need to Understand and Be Able to Explain Before Leaving Your Provider
oiKuKV9tIuo	NA	63.0	Why You Need to Mobilize at the Position of Restriction
bJAXu8rBCz0	NA	62.0	Choosing Your Shoes, Part III: Toe Ramp
VnXtXNsTcdQ	NA	72.0	Choosing Your Shoes, Part II: Heel Height
w6DjWpmhQa8	NA	66.0	Getting a Pre-Workout Pump to Help With Pain #shorts
KukIMXJQvIU	NA	67.0	Are You Working On Extension to Solve Your Shoulder Problems? #shorts
45WYTe9YzLY	NA	491.0	Advancing Your Programming: Moving Beyond the "More Work" Routine
tGPcBskPz28	NA	76.0	High Hamstring Pain: Day V (#shorts)
DQIxzjcgOm0	NA	4313.0	The Ready State Podcast: Megan Young
ODca8lIhB-o	NA	3716.0	The Ready State Podcast: Kenny Kane
HzKSHgKVgaU	NA	4214.0	The Ready State Podcast: Perry Nickelston
KmeKCsllCLQ	NA	30.0	Try The Ready State's Virtual Mobility Coach
OCcwN5MESs4	NA	3935.0	The Ready State Podcast: Rory Mckernan
0nTTdmnbusg	NA	28.0	Virtual Mobility Coach
8dNWuV-Kjw0	NA	465.0	To Upgrade Your Bike Wattage, Improve Your Foot Pedal Contact
bn0vvDiMa_U	NA	3555.0	The Ready State Podcast: Rich Froning
PFjQnrpeBx4	NA	4428.0	The Ready State Podcast: Stuart McMillan
rUKA8p7Bjg8	NA	126.0	TRS x The Arnold Expo 2022
1jhaM5bcV2M	NA	76.0	Countering Inhibition Part 4: The Glutes
iKbhWvrgedo	NA	68.0	Countering Inhibition Part 3: The Glutes
Lgf3JdRo1VE	NA	71.0	Countering Inhibition Part 2: The Quads
EiZNSME-ev8	NA	68.0	Countering Inhibition Part 1: The Quads
0ZFip0imr-o	NA	68.0	Does Your Push Up Transfer Or Is It a Dead End (2 of 2)
DkQAiN_cEvY	NA	57.0	Does Your Push Up Transfer Or Is It a Dead End (1 of 2)
nhlgwHLvLvM	NA	70.0	Taming the Wild West of Exercise Selection (6 of 6)
uyqSMqxCorA	NA	68.0	Taming the Wild West of Exercise Selection (5 of 6)
5dhXjWIbx4c	NA	68.0	Taming the Wild West of Exercise Selection (4 of 6)
sYPmXpiBM3A	NA	68.0	Taming the Wild West of Exercise Selection (3 of 6)
3GsJLas1hZs	NA	69.0	Taming the Wild West of Exercise Selection (2 of 6)
lngsmsms1nk	NA	63.0	Taming the Wild West of Exercise Selection (1 of 6)
NCJitvQAQvQ	NA	65.0	Assessing Spine Rotation for Rotational Sports (4 of 4)
9YTQ19yF8to	NA	66.0	Assessing Spine Rotation for Rotational Sports (3 of 4)
gvhCE0nZl0o	NA	72.0	Assessing Spine Rotation for Rotational Sports (2 of 4)
gtRJu6VPyUo	NA	67.0	Assessing Spine Rotation for Rotational Sports (1 of 4)
eJbJhS77cVc	NA	331.0	Maybe Valgus Knees Are Not Weakness, But Strategy? (2 of 2)
Hx27nrSLshM	NA	374.0	Maybe Valgus Knees Are Not Weakness, But Strategy? (1 of 2)
-3PXPd1f1cY	NA	70.0	Try This For Pain In Your Hands
VJwJmHdfYpY	NA	64.0	For Sport, Make Your Power Clean and Front Squat Speak the Same Language
SAXBwb9BZQ4	NA	49.0	Are You Jump Roping in Two Languages?
5RvERGlca-U	NA	69.0	Principle Drives the Pattern (7 of 7)
mdowSsaQytU	NA	68.0	Principle Drives the Pattern (6 of 7)
OiI_132xIQU	NA	44.0	Principle Drives the Pattern (5 of 7)
FuKgmeT_HjU	NA	68.0	Principle Drives the Pattern (4 of 7)
0E3_Wa-sgBA	NA	66.0	Principle Drives the Pattern (3 of 7)
TQFJOR4yshU	NA	69.0	Principle Drives the Pattern (Part 2 of 7)
Ih6zzYlHat4	NA	69.0	Principle Drives the Pattern (Part 1 of 7)
rUFV-ovcO-M	NA	69.0	The Bosch Test: Does Your Movement Solution Handle Speed
eeThxFb2DRE	NA	70.0	The Interoception Foot Drill: Stop Your Wobbling
TJMlyQC4N3w	NA	70.0	Can You Shove Your Knees Out, Too?
0XCfATcR61o	NA	74.0	Adjust Squat Width to Challenge Varus Or Valgus Demand on Knee
NKweh8h8jTY	NA	73.0	Straight Feet for Quicker Mechanical Stability
i_nwEjHkXTA	NA	74.0	Organized Feet Equals Improved Dorsiflexion Potential
RZPOUmSfwNE	NA	74.0	Instead of the Knee and Foot Look to the Arch
UATCiDgv7ZY	NA	396.0	Coaches Corner: Athletic Knee Dysfunction (2 of 2)
BbpMmHubpYI	NA	362.0	Coaches Corner: Athletic Knee Dysfunction (1 of 2)
hyOIVo1-r_U	NA	246.0	Acute Ankle Fracture Starring Caroline Starrett (2 of 2)
ttPzCMMcS2I	NA	253.0	Acute Ankle Fracture Starring Caroline Starrett (1 of 2)
H_V1zsLhxUE	NA	433.0	Cupping Case Study: Neck Range of Motion
FWo2r7aFY5Y	NA	497.0	Cupping Case Study: Achilles Tendinopathy
7FGEAflwt1o	NA	70.0	Higher Physiology, Lower Skill: The Case For Tools Like the Slant Board or Assault Bike
eUCQzg7-4Es	NA	81.0	How Much Power Is Your Turned Out Feet Costing You?
htaGJjjJEfc	NA	71.0	Programming for Skill Improvement or Return to Sport
lqSqAw_YYIQ	NA	76.0	Full Range of Motion is Good Mechanics (5 of 5)
JK9Fj06yaNs	NA	70.0	Full Range of Motion is Good Mechanics (4 of 5)
8Oym7J6IMRU	NA	60.0	Full Range of Motion is Good Mechanics (3 of 5)
XtvTmSUnQlI	NA	69.0	Full Range of Motion is Good Mechanics (2 of 5)
cjy2izyz9e4	NA	67.0	Full Range of Motion is Good Mechanics (1 of 5)
_jZH5FHaQoE	NA	73.0	Like the Tib Bar? Get More Out Of It
-Fkpo8QooDw	NA	69.0	If There Is No Pain, How Do We Assess Tissue Health?
mzIapVeF18Q	NA	72.0	Is Your Ankle Your Goat (3 of 3)
nfn8TAA7PZ4	NA	66.0	Is Your Ankle Your Goat (2 of 3)
eTSe61buCzw	NA	73.0	Is Your Ankle Your Goat (1 of 3)
fKz95_RcvIc	NA	441.0	It’s Not the Flexion It’s the Extension
jq5APcHXbug	NA	68.0	High Physiology, Low Skill: Put Power Back Into Your Training
ofhogZ8YrRY	NA	72.0	Too Sensitive to Foam Roll? Just Add Vibration
K2RFtHSDPfU	NA	69.0	Is It Really An Injury?
NolLNFxq6_Q	NA	55.0	Use Your Push Ups to Make Your Youth Sports Better (4 of 4)
GpW8BaT8W0Y	NA	61.0	Use Your Push Ups to Make Your Youth Sports Better (3 of 4)
Jpo-RpdoWC4	NA	72.0	Use Your Push Ups to Make Your Youth Sports Better (2 of 4)
UOPx6K1mRJE	NA	56.0	Use Your Push Ups to Make Your Youth Sports Better (1 of 4)
h_XFQ203kn0	NA	76.0	Pain Bites: Top Down and Bottom Up
T5mqTaWiUmk	NA	76.0	Back Pain in Mid Range? Try Addressing Internal Loads on the Spine (2 of 2)
KD3QQdI8B8Y	NA	60.0	Back Pain in Mid Range? Try Addressing Internal Loads on the Spine (1 of 2)
q2gebV6-WFQ	NA	68.0	The Pigeon Game Can Change Your Life
lGoxXUgtMDw	NA	65.0	Upgrade Your Abs, Upgrade Your Life
Ej50kRrUV6E	NA	54.0	Your Quads Are Still Too Stiff? Try This
xMSYu5hdONY	NA	284.0	Simplify the Moving Parts for a More Powerful and Repeatable Deadlift (4 of 4)
INKCQfBLSiE	NA	307.0	Simplify the Moving Parts for a More Powerful and Repeatable Deadlift (3 of 4)
3b0N8u1bBKM	NA	390.0	Simplify the Moving Parts for a More Powerful and Repeatable Deadlift (2 of 4)
kd_FrvvYK3A	NA	403.0	Simplify the Moving Parts for a More Powerful and Repeatable Deadlift (1 of 4)
N8PAvJvjWxg	NA	69.0	How’s Your Rotation Window (2 of 2)
CZNmt9ykIjU	NA	69.0	How’s Your Rotation Window (1 of 2)
FFFT8H0jWFo	NA	111.0	If You Want Better Output, Simplify and Organize Your Spine (4 of 4)
dBgQ5zZdQvY	NA	73.0	If You Want Better Output, Simplify and Organize Your Spine (3 of 4)
PF1m5xyqXPc	NA	74.0	If You Want Better Output, Simplify and Organize Your Spine (2 of 4)
LijC9dUS7VA	NA	76.0	If You Want Better Output, Simplify and Organize Your Spine (1 of 4)
WOBzbxf5UPE	NA	74.0	Turnt Up VooDoo Flossing (2 of 2)
26R434aQ1BM	NA	62.0	Turnt Up VooDoo Flossing (1 of 2)
2JwKiGFW9bI	NA	69.0	You Don't Have to Flex the Spine to Have Flexion Load on the Spine
9KiHFS4XqSw	NA	62.0	Have Your Back Do Less Work
xp-tCezT5AY	NA	72.0	Foot Position Power Test
c3HhpxzTkm0	NA	220.0	Your GPP Can Get You Into Trouble
BJQuu-l4ZlQ	NA	60.0	14-Day Mobility Challenge: Feet & Ankles
HcQRZcARM-A	NA	67.0	The One Vitamin You Are Not Getting: Hip Extension
oJBZymASGJI	NA	70.0	Keep Your Arch Alive
2WkWEtz2DF4	NA	57.0	How Do You Know If Your Adductors Are Limiting Your Squat Depth (3 of 3)
mHdv9KOTVQE	NA	58.0	How Do You Know If Your Adductors Are Limiting Your Squat Depth (2 of 3)
W6Rtzh0Lra0	NA	50.0	How Do You Know If Your Adductors Are Limiting Your Squat Depth (1 of 3)
nOgsQq7vzAg	NA	51.0	What Your Slant Board May Say About Your Hips
GKMQSZ4inLw	NA	67.0	If You’re Lacking Shoulder Function, Prime Your Rotation
r5mImCc6w-k	NA	76.0	Barbell Is Out, Restore Your Rotation
qSyCV_GHNNA	NA	74.0	Stiff Hips Are Complicating Your Spinal Mechanics
qO1wBTm4FSU	NA	62.0	If You Are Shooting Your Hips, Check Your Foot Pressure
TLhSNy8ZEYc	NA	71.0	Peeing When You Jump Rope
nZvVV4Oq7O0	NA	68.0	Pressurize From the Top On The Deadlift After Back Injury
Y2I07KFSjCA	NA	53.0	How Do You Know It Is a Weakness Problem
hOHtv6wPmWY	NA	296.0	Double Your Recovery
CO3HyTYJ01A	NA	72.0	Nothing Productive Is Happening in the Last 10 Minutes of the Day
D0LeXhN8CXM	NA	267.0	Do You Struggle With Chest-to-Bar Pull Ups?
JgrqD0jJU6Q	NA	57.0	Returning to Training? Take it From the Ground
5dlMtPhEdZ4	NA	208.0	How to Make the Biceps Look Huge and Keep Them Supple
ZkqZ13PWDHs	NA	65.0	How's Your Breath Volume Between Reps?
T3zQClrqmHs	NA	581.0	A Lesson On Your Hips: The Labrum And Its Implications On Impingement
A0xgZ8JNmVc	NA	38.0	Don’t Forget About Your Feet When Pressing (Part 4 of 4)
9s4bxTAGB-Y	NA	43.0	Manage Your Foot Pressure For Better Kettlebell Swings (Part 3 of 4)
vwFtRTfSblI	NA	35.0	Bar Path Problems? Check Your Foot Pressure (Part 2 of 4)
gCr7x67SAgE	NA	43.0	Let's Talk Foot Pressure (Part 1 of 4)
AEfFVtKKUEs	NA	315.0	Advocating For Your Odds and Ends: Do You Pay Attention to Your Hands?
ui8X_8qay6Y	NA	64.0	Change Your Grip to Improve Your Pull Up Game
8i4Ox_5pjCo	NA	1044.0	Addressing Rotator Cuff Stiffness
iWByYR6CSNk	NA	214.0	Lighting Up Your Foot Pressure
IG2XIizVtIE	NA	378.0	For Full Achilles Function, Improve the Neighborhood
rUR7uJ9YKCI	NA	266.0	Vibration Can Help With Pain
7oO17BRBzMc	NA	360.0	It’s Going to Keep Swelling. You Better Have a Plan.
rTIHTvQX5HA	NA	326.0	Round Your Way to a Healthier Back
I-aj1FnGJgk	NA	509.0	Programming For Purpose
qE2wsEAW1gE	NA	590.0	Sever’s Disease: Relieving Heel Pain in Athletic Kids
syM88krA71o	NA	240.0	Is Zoom Neck Inhibiting Your Rotation?
ptxJeT1tQWI	NA	187.0	Full Overhead Is Good. Full Overhead with Movement Choice Is Better
VciE7y55Iqs	NA	59.0	The Ultimatist Distraction
o76grQ2j94E	NA	47.0	14-Day Overhead Mobility Challenge
MjsCCTtQFjA	NA	55.0	The Ultimatist Mobilization
FS2YnyhTnDk	NA	117.0	Mobilization of the Week: The Shoulder Reset
V_idyur82Zw	NA	574.0	Fixin’ Mag’s Clean (Part 3)
zBtJCZ4Erv0	NA	110.0	Pausing to Own the Shape
zg5WcsccD-4	NA	628.0	Fixin’ Mag’s Clean (Part 2)
mSZ0g2w5j_k	NA	531.0	Fixin’ Mag’s Clean (Part 1)
HQ_Ra3MZfeM	NA	87.0	Bar Placement on the Wrist (Part 2)
9ocmctdKbVk	NA	131.0	Bar Placement on the Wrist (Part 1)
SSpGZ4rXiZ4	NA	193.0	Feet Straight for a Stable Femur
ofJ2gR6vk80	NA	54.0	Filling in the Gaps of Your Program
CDapz-FQv-s	NA	64.0	Priming the Split Jerk with the Bulgarian Split Squat
kQF87m9QFSI	NA	72.0	Bulgarian Split Squat Part 2: Foot Control and Remembering Your Toes
V-vGYioPFjQ	NA	59.0	Pop the Lock on Your Bulgarian Split Squat
tnZR4231f5M	NA	324.0	The Worser w/ Rich Froning
kz_c5K0YyJg	NA	322.0	How to Deal With Low Back Pump Out
J1niKrdHv6M	NA	504.0	Bar Placement on the Back Squat
dJ1twW4hmOg	NA	308.0	Mobilization of the Week: Elevated Couch Stretch
tWtyU31uOp0	NA	92.0	Why Do You Front Rack the Way You Do?
XJ3r7OkpVaQ	NA	88.0	Need a Better Front Rack? Release Your Chest Wall
N3Mxi_6lrbc	NA	746.0	Snap, Crackle and Pop. Is It Breakfast or Your Joints? Should You Stop Training?
9s6PWFpodJE	NA	477.0	There’s More to Spinal Flexion Than Just the Jefferson Curl
xMvtVGzRhaE	NA	60.0	Fire Up Your Ass
WF2M4vKO0P4	NA	69.0	How to Quickly Fit the Rower to Your Athlete With a Knee Problem
pQ6gy4kq3aU	NA	83.0	Has Your Back Invited You to a BBQ?
KzugdqJPrWc	NA	934.0	Are You Using Your Neck to Solve a Shoulder Limitation
IZuVVt_Ql9U	NA	79.0	Coach’s Eye: The Elbow as Diagnostic Mnemonic
gB2McRQZUFw	NA	431.0	Free You Heel, Free Your Mind, And Squat
Lt6CXbuB7tI	NA	95.0	Sliding Backwards When Push Pressing? Check Your Hips
5cLyFfnJk7I	NA	53.0	Layering Your Warm Up, Part 3 of 3
ZylR277-ioo	NA	50.0	Layering Your Warm Up, Part 2 of 3
mqbm9hipTZk	NA	53.0	Layering Your Warm Up, Part 1 of 3
_EMZiIM9IPo	NA	61.0	Barbell In Relative Position to the Feet
SRJmMkZ1njk	NA	375.0	The Origin Story Of Our Favorite Hip Mobilization
_nKlgxn5FeY	NA	453.0	Load the Pattern and Load the Fascial Lines
FxH36EST2E8	NA	142.0	Are You Activating Your Quads For Greater Power In Your Push Press?
qaNq_v4RkkU	NA	875.0	Training With a Labral Tear
HMAeohy3Kak	NA	130.0	Leopard Tears Tequila: Pre-Order TODAY
h13io0IZvO0	NA	484.0	Are You Working On Your Whole Rotation Chain?
dcM8Hi9y3IA	NA	1703.0	Lessons in Durability: Interview with Rich Froning
8DFZt7OL-tU	NA	350.0	Level Up Your Balance Play
cQabOJI3N28	NA	321.0	Is Rotation A Hole In Your Programming?
gUcMHU6163I	NA	96.0	Stance For Squats
ulHc8S4uRC8	NA	277.0	After Surgery Or Injury, Chase Normal
z5SlVC0wvEo	NA	249.0	Improve Ankle Motion By Returning Joint Function
X6cGX7l4gjM	NA	217.0	End Range Isometrics For Hip Extension Pt 2
TT015D-MHRM	NA	701.0	End Range Isometrics For Hip Extension Pt 1
NmUDdxMkXdY	NA	460.0	Knee Pain From Squatting? Don't Overlook Quad Stiffness
7N8c0ibLEcY	NA	545.0	Mobilization of the Week: Terminal Knee Extension
KUXMcdw19Bo	NA	679.0	If You Are Using a Booty Band To Warm Up, Use It Right
CXnsRKsWdzQ	NA	231.0	Unlocking the Front of Your Shoulder
0w0O356fovY	NA	992.0	Elbow Tendonitis From Squatting? It’s Not Tendonitis
fjhul23xlpM	NA	475.0	Overtension and Pain? Look For Holes in Your Programming
3NP_l3VMgXE	NA	606.0	Training With Primary Instability of the Spine
WpX-jym-qCI	NA	727.0	Evaluating a Mobility Program
_Pwt8eeBQVY	NA	668.0	With Persistent Pain or Injury, Focus on Sleep
dQ1IMw0tuSo	NA	338.0	For Full Ankle Motion, Work Your Sliding Surfaces
A2bMgIoZMzQ	NA	897.0	Squat Hip Shift
YM_3uFOKi60	NA	385.0	Muscles and Tissues Are Like Obedient Dogs
_BGvZ0iUsG4	NA	419.0	After Surgery and Injury – Train Movements, Not Muscles
uuoZ_KyFGqY	NA	277.0	Improving Ankle Range
Znf63EbJSX0	NA	359.0	When Is Pain Okay? Post Surgery, Post Injury?
idvTI1XArBA	NA	572.0	Why Training May Be a Better Word Than Rehab
m1pmG303LGs	NA	190.0	Mobilization of the Week: The Elevated Couch
VR69OybvnRk	NA	375.0	Reframing Sleep and Pain
ZZzTabZ91BA	NA	454.0	We Don’t Break Up Scar Tissue
mhftuypFKwM	NA	220.0	Unlocking Hip Extension
M0ZgsrGRMf4	NA	344.0	Mobilization of the Week: Grilled Cheese Glutes
BLBhOt-WBSE	NA	433.0	Cupping For Better Local Tissue Glide
wOhPudihmJg	NA	71.0	1 Minute Mobility Rules, Part 5: Tissues Should Not Hurt When You Press On Them
b-6hbEDDa4c	NA	100.0	What Can You Do With A Lacrosse Ball?
qe-y2WVOp0c	NA	72.0	1 Minute Mobility Rules, Part 4: Feels Sketchy? It Is Sketchy
dgDyzTu-rfk	NA	511.0	Keep It Simple: Work on Your Start and Finish
xmH9yNgKzq4	NA	63.0	1 Minute Mobility Rules, Part 3: Test/Retest
pgCALzP4at8	NA	67.0	1 Minute Mobility Rules, Part 2: Can You Breathe?
weMM8Cmj8m0	NA	64.0	1 Minute Mobility Rules, Part 1: Keep Going Until You Make Change or Stopping Making Change
hrjqxgbChhk	NA	258.0	Mobilization of the Week: Seated Adductor
tbAxvTFPIbw	NA	226.0	Restoring Shoulder Internal Rotation
kO1LlcGwjvY	NA	351.0	The Tick Rehab Protocol
KYlTgW6z7WM	NA	599.0	Do You Want to Scrub, Scrape, or Shear?
g7saQGYZuLI	NA	274.0	Managing Painful Tendons: Part 4 of 4
j_qOVLsQils	NA	297.0	Managing Painful Tendons: Part 3 of 4
KRwOYGTdj5I	NA	375.0	Managing Painful Tendons: Part 2 of 4
zDev1YA6gnU	NA	322.0	Managing Painful Tendons: Part 1 of 4
SmbJHr8G8Gk	NA	303.0	You Can Still Get Explosive At Your Home Gym
9h7fbfuH60w	NA	549.0	Maintaining Rotation is Maintaining Movement Options
q4WGbDl0HdM	NA	436.0	Rotation is the Key for Active Stabilization
8ES7Bw1RDbQ	NA	293.0	Movement Models Should Predict Loss of Stability and Function
ttwpP3FgvWI	NA	401.0	Sometimes It’s Better To Challenge Physiology, Not Capacity Pt 2
Co6HGNdk5v0	NA	346.0	Sometimes It’s Better To Challenge Physiology, Not Capacity Pt 1
fAxWYfTd4Ig	NA	200.0	You Gotta Feel Eccentric Loading
MD-4r2y4E1w	NA	175.0	Mobilization of the Week: Banded Anterior Hip Opener
UboHy6ol004	NA	554.0	Abdominal Injury
gJLMcuy0-No	NA	249.0	When Squatting, Think Foot Pressure Not Send That Booty
fzwMjUJ4dDA	NA	295.0	Get More Out of Your NMES Device
EAmMnpAkArg	NA	56.0	Quick Test: Am I Able to Squat With My Feet Straight?
Cp3cJSU7OzA	NA	388.0	Organized, Not Braced
YkXD-GeaU7I	NA	341.0	The Principles of Rehab
GRMfDoZttL8	NA	448.0	Incorporating Percussion and Vibration in Post-Surgery Rehab
AdvjeBYAHaQ	NA	858.0	Lessons From Surgery
igMLxJ78VdA	NA	343.0	Easy Post Surgery Compression
X626MjX_Y3s	NA	514.0	Post Surgery: It’s Less About Strength. More About Inputs
FH2R3eiQMrs	NA	433.0	What to Expect From an Old Injury
LZAvomKtTyM	NA	275.0	You Can Still Mobilize After Surgery
EOhmPLqNerI	NA	601.0	Post Surgical Breathing: For Decongestion and Threat Reduction
EVwIFNBfykQ	NA	290.0	Stop Racing to Get Off Your Crutches
kbSP8_W0USU	NA	215.0	Sometimes the Dumbbell is a Better Choice Than the Kettlebell
ki9jq-MFz8k	NA	427.0	Post Surgical Supplements?
d7q01v9Rhf8	NA	626.0	Pain Does Not Always Mean Disability
Qd8nDO1dD7c	NA	556.0	Swelling, Pain, and Narcotics: A Better Pain Control Plan
1kOb3TYpRg0	NA	578.0	D2R2: A Model For Thinking About Pain
d2bnCP17-DU	NA	526.0	The Surgery Series Part 3: There Are No Fast Healers
wiQhjLz7bqc	NA	435.0	Is Your Mobility Costing You Stability?
1gl5aiZ-ztI	NA	343.0	The Surgery Series Part 2: Setting Up Your Environment
Gj3F2UnAu2E	NA	311.0	Your Pelvis Width Implicates Your Squat
rRfVT_UmZ3g	NA	1471.0	The Surgery Series | Part 1: Short-Term Goals
Vu5Ts3FhCds	NA	263.0	Stiff Ankles Are Limiting Your Movement Solutions
-811g3aqAU8	NA	399.0	We Can’t Control For All Injury Factors But We Can Control For Exposure
Cg1-utukEWM	NA	167.0	Your Running Shoes Are Giving You Bad Inputs in the Gym
8QbuqOMQV8A	NA	317.0	Stiff Ankles May Be Limiting Your Jumping Power
NA1lmn2dkXQ	NA	414.0	Cleat Setup
ojZjDadhuMI	NA	535.0	Fitting Your Body to an Exercise Bike
NiP0C7qLG7o	NA	551.0	Orthotics to Create Stability
DdXYaL7pVzg	NA	835.0	Right Saddle, More Power
x_zE1E2vjcY	NA	443.0	Setting the Saddle Height
W2DVpU0nI0U	NA	689.0	Make the Rider Fit the Bike, Make the Bike Fit the Rider
iS4GmPMMeVY	NA	189.0	Upgrade That Peanut With Some Overpressure
YEhqdYgMIPQ	NA	291.0	What Do I Do If: Something Hurts
bVD6C7aKtn0	NA	349.0	What Do I Do If: Turned Ankle
kONxwAnrT_Q	NA	205.0	What Do I Do If: Big Picture, Little Picture
3zvFI4CfyuE	NA	425.0	What Do I Do If: Back Tweak
_hx5eHupTrg	NA	59.0	Take Advantage of the Rack To Be More Stable In The Front Squat
_804TTbDJeM	NA	364.0	You Can’t Hide Your True Range of Motion With Speed
YxXM96ywTZg	NA	249.0	The 3 Lies We Tell Ourselves In Chronic Pain
Ripp47UPyZQ	NA	223.0	Using a Percussion Gun? Add Movement To It
Pi9xgTmP810	NA	268.0	Choosing a Squat Stance That Maintains Your Movement Options
ya3ja4JC1Pc	NA	363.0	Squat Selection For People With Back Issues
W0F8B-9D5ro	NA	482.0	Squat Selection For People With Knee Issues
4QJ36zMt5bc	NA	298.0	Squatting Is Either Torso Forward Or Knee Forward
URtyBFlcMiA	NA	114.0	Hips Do Not Affect Feet Straight Squat
_KB8G1uUplE	NA	152.0	Sneaking In Single Leg Work
IckGXNztL1M	NA	401.0	New Pain? Try Changing Your Environment (Pt 2)
sngUHewx7QY	NA	457.0	New Pain? Try Changing Your Environment (Pt 1)
kH88yWDCQpA	NA	348.0	Cervical Rotation Isn’t Just About the Neck
eYq_qaRC13M	NA	157.0	2008 102 BreathingEfficiency YT
fZ02x-fbpBQ	NA	341.0	Making Your Back Feel Better After Heavy Loading
JYwJJehLRqo	NA	289.0	Your Spine Does More Than Flex and Extend
meTmeaQxg5o	NA	250.0	Working on Shoulder Impingement? Try This
bAhcSSmwsj0	NA	284.0	Connected Shoulders = Better Squat
o-DlocXq5Fg	NA	348.0	Let’s Not Blame Our Athletes’ Q-Angle
XIyFQpr7H90	NA	364.0	Cueing to Manage Anterior Pelvic Tilt/Extension-itis
RLiHyxK7qxo	NA	230.0	Feeling Stiff? Trying Braking Kettlebell Swings
EWrGheTEmUQ	NA	340.0	What Are Your Core Movements?
Ixj9Efy8dEc	NA	174.0	Try Letting Your Skill Drive Your Speed
dQ0PMJlyqWo	NA	250.0	Where Do You Fit It All In?
AoXgT0_y0hM	NA	196.0	More Impulse, More Better: The Swing Game
uHMDmR2s9bA	NA	154.0	Could Your Training Week Be 8 or 9 Days?
znfMPyUlXpE	NA	150.0	When Do You Rest Before a Big Effort?
17r_AYrMxvU	NA	181.0	How to Sneak in a Rest Day
rOwdB2p7VQs	NA	236.0	Your Heel Is An Anti Rotation Device
rweRlNkps5w	NA	387.0	Is My Pelvis Really Uneven?
13AwmalOXz8	NA	371.0	Improve Your Starting Power
bFKDGH_wY8w	NA	152.0	Is Your Breathing Lagging Behind Your Effort?
IbHQd-Ynq7s	NA	385.0	It’s Never Just Your Neck. It’s Your Neck and Shoulders.
wTHlmLO7ixQ	NA	436.0	It’s Never Just Your Spine. It’s Your Spine and Your Hips
ugPDF2x27Rw	NA	449.0	There Is No Such Thing as a Fast Healer
HP_RqSOFagg	NA	193.0	Unlock Your Biker/Runner Hips From the Bottom
glQct389twY	NA	261.0	Unlock Your Biker/Runner Hips From the Top
11ISFNBG76g	NA	418.0	Joint Trauma and Whack-a-Mole-Itus
BHuqn611TFs	NA	246.0	Anterior Pelvic Tilt (Pt 3 of 3)
jBquW-SVlJM	NA	274.0	Anterior Pelvic Tilt (Pt 2 of 3)
QwguovSxEFo	NA	369.0	Anterior Pelvic Tilt (Pt 1 of 3)
KY5Ck_1Qpno	NA	497.0	Try Cutting Speed in Painful Movements
bejwVBfzLSM	NA	261.0	Is That Knee Pain Rotational Intolerance? (Pt 3 of 3)
c1oN4k6kW60	NA	260.0	Is That Knee Pain Rotational Intolerance? (Pt 2 of 3)
ZrSJAXpw6kk	NA	427.0	Is That Knee Pain Rotational Intolerance? (Pt 1 of 3)
sk_eacEm6B4	NA	246.0	Bomb Proof Positions / Challenge Your Programming (Pt 3)
GEhcYkqC15s	NA	229.0	Bomb Proof Positions / Challenge Your Programming (Pt 2)
HvF_tyYzV4g	NA	316.0	Bomb Proof Positions / Challenge Your Programming (Pt 1)
kUIcmWYJCko	NA	325.0	Take Care Of Your Elbows
WcgM-5kkQmY	NA	222.0	Shoulder Stability: If You Unwind, Rewind (Pt 2)
W6upciQZPRI	NA	206.0	Shoulder Stability: If You Unwind, Rewind (Pt 1)
ysOnoAN6o0g	NA	304.0	Knee Pain on the Bike?
CU60x2BGdJo	NA	536.0	Improve Your Flexion, Improve Your Cycling
hjm321zvNZ0	NA	456.0	Can You See The Shapes Within The Movement
PpgczaEJ74Y	NA	282.0	We Know You Can Get Tight, But Can You Get Loose?
DM0L-XlE6_g	NA	232.0	Are You Maintaining Your Movement Options?
EXRYWALXLgg	NA	576.0	Interpreting Your Body During the 10-Minute Squat Challenge
VdMEeMdrD1w	NA	310.0	Adding Rotation To Your Training
QEyziJSveV4	NA	198.0	Making the Assault Bike Suck Less
Ywgvqj5f-Ss	NA	336.0	Loss of Wattage Syndrome
2FZxSxFXQPg	NA	265.0	Let’s Talk About Social Media Blind Spots
GrOvLHt_kgI	NA	478.0	Let’s Keep Extension Out Of Your Spinal Flexion
JQlY2J1ZO4U	NA	389.0	Adding Rotation To Your Warm Ups Through Play
ctcBR9OZdlo	NA	139.0	PSA – Keep An Eye On Your Volume
gKXGCrQS0-U	NA	297.0	Loading the Calf for Greater Hip Extension Pt 2
sFIVvCbuz6U	NA	323.0	Loading the Calf for Greater Hip Extension Pt 1
y6KxhlKLxfA	NA	211.0	Normal Shoulders Can Rotate, the Portable Primer
4fggpJvwe2s	NA	293.0	Is Your Single Leg Work Making You Explosive?
8oqMbfoQ_fc	NA	258.0	Pain Washing
PixfjYjTRyI	NA	352.0	Does Your Elbow Hurt Because You Can’t Rotate?
GAsxs5JeYo0	NA	232.0	Barstool Zoom Sports
gqMVi0EJqeA	NA	218.0	Most Important Ankle Range of Motion You Don’t Spend Time On (Pt 2)
jGzGGOqssrg	NA	344.0	Most Important Ankle Range of Motion You Don’t Spend Time On (Pt 1)
vH72ycz0NOo	NA	633.0	10 Minute Squat Test
Yko5jUmJJeA	NA	303.0	Are Your Hamstrings Stiff?
IaGGl2u44a0	NA	245.0	Do Your Mobilizations Have Context?
4R2taNKqHzU	NA	404.0	Painful Area? Percussion First Aid
_S2bXtKkfWk	NA	211.0	Hand Reset With Percussion
Mu1vTsM8F88	NA	454.0	Your Finish May Be Messing Up Your Start
TNnvyCC1jf4	NA	413.0	Your Mobility is Affecting Your Stability
KiCF3D6ziho	NA	416.0	Is Squat Therapy Actually Solving Your Squat Problem?
9ihOlfkGs2w	NA	424.0	Why Your Feet May Be Hurting As You Shelter
Yx2dmJA-3Vk	NA	368.0	Are You Overlooking Stiffness?
uW69bWxRxuQ	NA	563.0	No Equipment Shoulder Warm Up
Q2IeHECh3AE	NA	457.0	Why Your Bench May Be Suffering
n6A9Dc_S364	NA	265.0	Hip Rotation Test
SF7v1lDCiEM	NA	213.0	Hip Flexion Test
aG-uRxQ-RLA	NA	705.0	If Your Hip Doesn’t Rotate You Can’t Be at Full Power
KEnMxjF7ipk	NA	370.0	Mobilization Test: The Couch Stretch
ibF38dLrgJo	NA	563.0	On Zoom All Day?
HKA_vxWg_DM	NA	496.0	How’s Your Home Workstation Set Up?
ktfLazbNphI	NA	280.0	Own Your Home Workplace
yR5E5WigGWQ	NA	411.0	Spotting Rotational Limits
gXx5ApH6dXg	NA	435.0	Kelly’s Evening Routine
5JjmL0hy4Gs	NA	452.0	Scraping Basics
QqFu2WjtQ80	NA	179.0	Differential Diagnosis: Feet Straight Squat
Nh4XM-lf8AQ	NA	199.0	Sparkle Watts
yEeuvPws4-Q	NA	187.0	Mobilization of the Week: Splits Machine
_nHfvsfhrhk	NA	530.0	How’s Valgus Knee Working Out For You?
od7xMBCrkdA	NA	294.0	Burpees, Skills Mechanic Builder?
ua4e2koI30o	NA	285.0	Are Those Burpees Baking Your Back?
JwX11L0u3A0	NA	438.0	Get More Out Of Your Monster Walks
dTDuDDeQw_Q	NA	310.0	The Pistol Squat
G9B802R9YJY	NA	425.0	Plank Challenge
n6KREdOXGKE	NA	533.0	Peak Volume Breathing
eW1XYzvJZK8	NA	212.0	Are You Working In Breath Holds?
rzW-sct7eD4	NA	354.0	Finger Recovery for Climbers
dXL_PiOk_zc	NA	329.0	Hip Flexion and Foot Pressure
O7uXc-2Bpuk	NA	348.0	3 Hip Openers for Hip Extension
nCmVjuF9uGY	NA	257.0	Have You Been Lunging Correctly?
vBPlIfGEmZY	NA	273.0	Eccentrics to Dial In Your Finish Position
cQNhr2FbiVY	NA	242.0	Baby Shoulder
L9G4CQDmJDo	NA	358.0	Improve Cycling Efficiency
QQ_zM3vm3Yk	NA	199.0	Low Back Stiffness? Time For a Quad Test
vKy2Q_CNEkw	NA	748.0	Barefoot Basics
Arx_omPPY7c	NA	183.0	DIY Precision Roller
1LOeQFAOXe8	NA	142.0	Rotation For Your Hips From the Top
2LgEhLy6X4U	NA	308.0	Equipment Sold Out? DIY Bands
L9SF_S-vJT0	NA	445.0	Voodoo Flossing Your Calf For Achilles Pain
SO33_Nhl2Wk	NA	583.0	Upgrading the McGill Big 3 Back Exercises
MizhPPNOd4I	NA	129.0	Rebuilding Squat Patterns By Slowing Down
ZJUQkuR04zc	NA	294.0	The Deadlift: Why Does The Back Round
j2GhdZ2BPfA	NA	353.0	The Deadlift: Removing the Slack Through Tension
1Tjg-IAAY64	NA	241.0	Voodoo Flossing To Relieve Your Tired Feet
RVWjVSQXsl4	NA	451.0	Voodoo Flossing Your Elbows
KF8v0JZnTSk	NA	469.0	Breath Hold To Breath Hold Is No Way To Live
24kCpU4R7wk	NA	239.0	Show Me You Can Breathe 360
46MatEf8q4c	NA	349.0	Restoring Pelvic Floor Function Through Hips Pt 2
h2HMa1YwSC4	NA	484.0	Restoring Pelvic Floor Function Through Hips Pt 1
rvSEEdeUiRs	NA	184.0	Quarantine Ideas to Keep Your Kids Active
K3Y7BTF7ZFg	NA	186.0	Are Your Shoulders Tied To Your Squats?
iV3wp5IzlPI	NA	164.0	Rotation as a Diagnostic Tool
k6YkNqouw8g	NA	351.0	Do Knees Track Over Toes
5k2p7ZUvX7k	NA	315.0	Stressed? Gut Smash It
8Pci42RTaa0	NA	421.0	Who Owns Pain?
E_I9FY93Tb0	NA	135.0	Repetition Through Repetition
M12e-NCXo8o	NA	252.0	Modifying the Couch Stretch
yfbWklr1V0Y	NA	406.0	First Aid Kit For Simple Knee Pain
8Ke9FBdaKKo	NA	391.0	Differential Diagnosis: Adductors
bm-NfoFsqMQ	NA	318.0	Modified Sleeper Stretch
uWZppZxxl7I	NA	361.0	Hip Hack: More Elevation, More Power
_DyOf0AxEtc	NA	326.0	Tunnel Vision 20/20
2EDx9JOnHkU	NA	95.0	Coronavirus, Living Ready, & YOU
izPR4PNQcTE	NA	150.0	102: Central Nervous System is a Whole System
Ys6kVBuwyC4	NA	497.0	Shoulder Rotation Capacity
WHfekPnz_I8	NA	649.0	What Shoes Should You Wear for Training?
V-0_X_eBeGA	NA	259.0	Tendon Pain Program (Part 2 of 2)
C23h4Jx5hog	NA	515.0	Tendon Pain Program (Part 1 of 2)
En6PDgunBEE	NA	227.0	Brain and Breath
lRjgAi4Fb6w	NA	290.0	Y Balance Test
vXFBXNBZUkc	NA	263.0	Long Lever vs Short Lever
-bc4nUlhWME	NA	299.0	Integrating Blood Flow Restriction
kwElDs-u9rk	NA	336.0	The Push Press (Part 2 of 2)
HTFzv0L2Js0	NA	293.0	The Push Press (Part 1 of 2)
8MztzlW4BeA	NA	310.0	Point the Toes
ejhncq_AZYU	NA	148.0	Olympic Lifting Shoes
heteeSe3dpI	NA	345.0	Valgus Knee
395l3S_7s-0	NA	340.0	Mobilizing for Adaptation and Recovery
t3PBYD1HMG4	NA	388.0	Mobilizing for Pain
-L_q26FO7vE	NA	167.0	Mobilizing: What Do I Work On?
BydGeYiA87s	NA	251.0	Mobilization of the Week: Dorsiflexion
0JflPw5FQEY	NA	3309.0	Stop Icing!
uRWDVKDE1II	NA	235.0	Efficient Energy Transfer Mechanism
IxJ48ST-fTM	NA	306.0	What’s Your Fitness Lie Detector?
L97NdDFlOhQ	NA	183.0	Movement Vital Signs™ (Part 2 of 2)
4J38TYpa_68	NA	182.0	Movement Vital Signs™ (Part 1 of 2)
WX5BSGNJ0nA	NA	115.0	Creating a Stable System
_Vp4ejOwVRs	NA	182.0	Diagnostic is Stimulus
6Yf2EHwrUoc	NA	355.0	The Mix Grip
ZZB4UTrhAT4	NA	735.0	Tools For Restoring Pelvic Floor Function
fxtnZehJUls	NA	297.0	Gym Time When Playing Sport
gtIL9k67uNE	NA	317.0	Fight the Kluge
HSPYIXwJxAk	NA	230.0	Adopting Positions for Better Shapes
Ft18Ug6MZ44	NA	114.0	Pressurizing for the Deadlift
cpnSXj49ZUw	NA	81.0	Breaking Breath Hold
lioLaPNVAe4	NA	114.0	Book Recommendations: The Man Watching
ZM_EAiUaqGw	NA	227.0	Spotting Compensation
L1uYvBXh8kE	NA	569.0	Which Movements Are Foundational
6f0nlnEzC64	NA	335.0	Grip Options and Your Upper Body
HEPcDXFG8G8	NA	330.0	Restoring Pelvic Floor Function
RG0FmCjkydo	NA	560.0	Untangling Pelvic Floor Dysfunction
PcNBr1ttI10	NA	148.0	One Arm Sled Drag (2 of 2)
V07c5MFHjAY	NA	263.0	One Arm Sled Drag (1 of 2)
B9eaXCxxqmQ	NA	621.0	The Transitional Athlete After Injury
ssYXutWvblw	NA	290.0	Identifying Signs of Compensation
7WD7is6f1eE	NA	384.0	Mobility vs. Stability
Tb6rD6UDbnA	NA	160.0	Mobilization of the Week: Banded Bully (Part 3)
ItD2ysHBdGE	NA	124.0	Mobilization of the Week: Banded Bully (Part 2 of 3)
qN97wKjEUg8	NA	195.0	Mobilization of the Week: Banded Bully
EaoC2JEI4oA	NA	68.0	Adding Rotation to Cue Rotation
INiMSPF4UPE	NA	87.0	External Rotation Torque: Rise of the Lefty
wRQArrfCH1g	NA	448.0	Rotation Test
QOnWIVvdjE8	NA	342.0	Kelly's DMs
4WR-7E0WhIM	NA	101.0	CO2 Tolerance And Bomb Head
yW83M0qjCko	NA	48.0	Jumping Rope: Prepping and Loading Extension
tDBNhJCLEkY	NA	57.0	Jumping Rope: Using the Full Jump
JnY6KeL8h00	NA	66.0	Jump Rope: Breathing Into Stiffness
Vk_2_kTPnOo	NA	60.0	Jumping Rope: Breath Volume Control
JC9UaMlvjGs	NA	453.0	How Much Range of Motion Do We Need?
mFXW0tCZOac	NA	229.0	Mobilization of the Week: Rotational Primer
7-YeQbSsjAU	NA	228.0	Kelly's Secret IG Stash (AKA "Coach's Eye")
qp1ApXQlBww	NA	257.0	Feet Straight As Seen On IG
gMiCPJhMaOk	NA	126.0	Foot Placement and Body Mechanics
imGOKVeK_l4	NA	327.0	Mobilization of the Week: Improving Overhead Function
4Ee1Zesubek	NA	269.0	Friends and the Biopsychosocial Model
gg9H3UXeF50	NA	378.0	Setting Goals and the Biopsychosocial Model
KqzlO2KC7BI	NA	660.0	Injury and the Biopsychosocial Model
akK4HD_KGyQ	NA	331.0	Foot Pressure as a Universal Skill
cmYn_YzbCLM	NA	501.0	The Biopsychosocial Model in Sports Performance
UrDEbzwzLZA	NA	240.0	Creating Stable Shoulders
c1trRMlaI7k	NA	333.0	For Bad Back Function, Improve Your Hip Function
XJdHowUBmV8	NA	247.0	Mobilization of the Week: Long Lever Posterior Distraction
GDxS7C-ft7M	NA	50.0	Long Lever Short Lever Or Both
ulgAOykAgV4	NA	405.0	Mobilization of the Week: Couch Stretch
mKj6M67MNn4	NA	190.0	Mechanotransduction and Food
T90H4-UvmB8	NA	655.0	Making Sense of the Training Continuum
AXw-ZbgFPms	NA	380.0	Coordination Training in Strength and Conditioning
UtahgiKdp4M	NA	244.0	Split Jerk Motor Control Drill
LYj84f3s13w	NA	381.0	Mobilizations vs. Correctives : ROM or Technique
m-ZPrJuOPbA	NA	256.0	When Do I Cue?
OmMyWCwQCbw	NA	364.0	Short Lever Overhead Band Distraction
-6QgU3L0F3Q	NA	316.0	Challenging the Tissue System Through Rotation
l7kHoPof-uw	NA	516.0	We Train to Make Mistakes
uJoUHym2wR0	NA	456.0	Good Sleep Starts During the Day⁠
LdT4xSnHfLg	NA	325.0	Loss of Rotation is a Loss of Force Production
ZKSuonsqHqk	NA	312.0	Forearm and Elbow Rotation for Range of Motion
RW3LC19IECY	NA	264.0	Using Speed to Challenge Movements
e09quLNXEF0	NA	259.0	Your Elbows and Shoulders are Limiting Your Squatting Power
lhsPvNXetLU	NA	1292.0	In on the Conversation: Ian McKeown
kzhMMo8w5L0	NA	250.0	Use Wall Balls to Teach Coordination
I8lCkMWH-HE	NA	157.0	Ground Game
tSiGKoHflf8	NA	352.0	Welcome to The Ready State
YbiPYecjIzg	NA	103.0	Coming September 2019 – The Ready State
6K-raB0s7mw	NA	134.0	The Ready State: Prioritizing Pain
3ZukPpgn6Ro	NA	1467.0	Runner's Knee
3L4rDGBIHio	NA	175.0	Connecting Pain with Position
aoVdr2YvAwg	NA	1416.0	The Implications of Heat & Hydration on Your Physiology
EgtY2hn2YFk	NA	747.0	How to Address and Eliminate Hot Spots
JQb2fQGkRi4	NA	781.0	How to Get Better Sleep (Sleep Density / Sleep Quality)
TdmJ6UOaSJU	NA	1186.0	Feet Are the New Black: Squatting & Pulling
jz57J8-97nM	NA	487.0	Planking as Skill Transfer
fVAl1TgbF4Q	NA	1844.0	Old and Cold: A MobilityWOD Case Study - FULL TABLE SESSION
5XbQevwwEks	NA	752.0	Old and Cold: A MobilityWOD Case Study
CUsMdjnA8fw	NA	610.0	Are We Really Flexion Averse?
6tKA-rTNL9E	NA	1299.0	Kelly's Weekly Coaches Lab – Force & Pressure Pads and How we Mark Improvement
OTdKTHe0lPA	NA	310.0	State of the State
-X_puCMfu7s	NA	808.0	Kelly's Weekly Coaches Lab – Movement Prep & Principles
zsu2ybX6_rw	NA	582.0	Mobility Confessions | Sam Kendricks
MMeXmOqG2vE	NA	357.0	Kelly's Weekly Coach's Lab – Improving Hip Hinge Function
7g1wsBBgcY4	NA	450.0	Mobility Confessions | Megan Kalmoe
Lmn7V34Z0w8	NA	405.0	Mobility Confessions | Brian MacKenzie
oR1Ib3Ie0gI	NA	351.0	Mobility Confessions | Jason Khalipa
ZA86wFj7L7s	NA	599.0	Mobility Confessions | Travis Rice
gXdcvbq7GYA	NA	60.0	M|WOD + Athletigen
URSGuHyY35Q	NA	340.0	Mobility Confessions | Brandon Kintzler
aUeIuA6aeUA	NA	799.0	Molokai Super|Tourist
uxL3Dz12bo4	NA	171.0	Long Lever Plank: Optimized Breathing
9m5p2f-acYc	NA	222.0	Identifying and Correcting Extension Loading Issues
OYfzMl0b8Tg	NA	717.0	Swollen Knee Strategy
GQT7rdmXx2A	NA	631.0	Ankle Sprain: M|WOD Case Study
n4Jo2slRguM	NA	727.0	Functional Training for Adaptive Athletes Course
qU74r2W64us	NA	445.0	Spartan Super|Tourist
gkHqMrxEr7M	NA	305.0	Mobility|WOD Site Tour
XihGHeb-hhA	NA	313.0	Working End Range with CalStrength
aY3W8AH0JA4	NA	378.0	3 Exercises for Healthier Shoulders
kFgsZcdn-QY	NA	230.0	BodiTrak Shoe Talk
rhwR4YGPm4Y	NA	487.0	Super|Tourist – Super Training Classic
_A61SxB7_OU	NA	560.0	Return to Training – Post-Surgery Planning w/ Matt Vincent Part II
KVGB6gSGZFg	NA	599.0	Return to Training – Post-Surgery Planning w/ Matt Vincent Part III
8JYqNYwK_TI	NA	790.0	Return to Training – Post-Surgery Planning w/ Matt Vincent
iBSSdSHenI8	NA	104.0	Advice about avoiding the "Curse of the Last Run" with surfing legend Laird Hamilton
_Dp89q0IFc0	NA	164.0	We All Need a Pocket Coach
8czz0nK4-lg	NA	472.0	Kelly Starrett - Kid's Athletics Back to School PSA
Js5xg9o78Jw	NA	571.0	How to Fix a Pelvic Fault or Tweak
JJwmaBp7MRw	NA	225.0	Crossfit Open 17.5 Recovery -- Quads, Calves, Feet
cZ3q7Hx5nYo	NA	253.0	Crossfit Open 17.4 Recovery - Hamstrings & Adductors
mwh3uUk_MkI	NA	272.0	Kelly Starrett - CF Open 17.1 Recovery Strategy
-Cbw3jATnBQ	NA	974.0	Ski Season Prep & Survival
ALR98D1IGq4	NA	70.0	All the Good Stuff | Daily M|Wod 30 day re-cap
j1M15oCudVE	NA	108.0	Coach's Eye: Jesse Owens
2-BPIvWoOj8	NA	83.0	All the Good Stuff | Daily M|Wod 30 day re-cap
6CpgZHDIZRc	NA	177.0	27 Squats with Jami Tikkanen & The M|WOD Coaching Staff
Pnmx9Eohydw	NA	1554.0	Kelly Starrett & Matt Vincent Surgery pt. 2 | Rehabilitation
F-5PIsSFwN0	NA	55.0	Change to our Daily MWOD
jyWLHYcXg6Y	NA	171.0	StandUpKids.org
D64WUVlTTYk	NA	913.0	Preparing for an Upcoming Surgery ft. Matt Vincent
aiYSj1eYQr8	NA	2781.0	Kelly Starrett & Matt Vincent Q&A
FKoZF7-gcHY	NA	289.0	Kelly Starrett & Roop Sihota | Last Rep
yHwS8A-HrzM	NA	2050.0	Kelly & Chris Duffin | Mobility, Stability & the Role of the Coach
_rLOPB4UL_g	NA	720.0	Hangout with Nic Vaughan
-Desrb8PbUE	NA	720.0	Down Regulation Saturday with Debbie Steingesser
SFlviB3ILME	NA	99.0	Deskbound Preorder Contest
Paa-tyOmgIg	NA	435.0	The Stability Problems With Sitting
Y65DCiC0wIM	NA	806.0	2016 CF Open Prep Strategy | Feat. Kelly Starrett | MobilityWOD
ZzjafkEVDJQ	NA	189.0	Deskbound | Feat. Kelly Starrett | MobilityWOD
uFhFL6f7bSE	NA	1788.0	Kelly Starrett with Rachel Balkovec
NoYu58tp3wc	NA	188.0	Mansplaining Manspreading | Feat. Kelly Starrett | MobilityWOD
8n3y-vrU9uY	NA	172.0	Kelly Starrett w/ Diane Fu | Redefining "Normal":  A Full Function Definition:  Test 1 | MobilityWOD
iHZJZrratss	NA	243.0	m|WOD List is LIVE! | MobilityWOD
DTGkiA0eQHk	NA	174.0	Kelly Starrett & Laird Hamilton | 2015 CrossFit Games Prone Paddling Primer | Mobility WOD
08uZGlEdk_s	NA	271.0	Becoming a Supple Leopard 2nd Edition | Deep Dive | Kelly Starrett | MobilityWOD
fUsSpWepIWE	NA	55.0	Becoming a Supple Leopard 2nd Edition | Official Trailer | Kelly Starrett | MobilityWOD
TaPTUhxNPq0	NA	919.0	Kelly Starrett & Matt Vincent Talk Hip Mobility | MobilityWOD
I21XHU-oV7s	NA	1306.0	How to Get Ready for Ski Season | Feat. Kelly Starrett | MobilityWod
KCEpe4hqyEI	NA	421.0	Kelly Starrett for Vox.com | Feat. Kelly Starrett | MobilityWOD
WLX6c-7fpV0	NA	98.0	Ready To Run Official Trailer | Improve Running Efficiency and Performance | Ready To Run
JoAj6frTsSs	NA	597.0	Low Back Tweak Fast Fixes | Feat. Kelly Starrett | MobilityWOD
xNqaEhfwgxo	NA	756.0	Highland Games World Champion, Matt Vincent Talks Training | MWOD Community Video
Svpv_eCWjHg	NA	97.0	How to Improve Your Running Performance | Ready To Run: Unlocking Your Potential To Run Naturally
To4Bm_Y4wGE	NA	98.0	Ready to Run: The Secret to Injury-Free Running
skHV4sTF3hI	NA	195.0	Tight Shoulders? Clean up your lats. | Feat. Kelly Starrett |  MobilityWOD
XJxSlWO5Ctg	NA	293.0	Adductor Smash & Papaya Rash (sometimes itchy is just itchy) | Feat. Kelly Starrett | MobilityWOD
EvkKkCYzm2A	NA	149.0	Unglue Your Posterior Chain & Fix Your Deadlift | Feat. Kelly Starrett | MobilityWOD | DailyRX
hH3g0ILzwTc	NA	185.0	Daily RX for April 15 | Feat. Kelly Starrett | MobilityWOD
Vs2HA0TnU6A	NA	172.0	Daily RX for April 17 | Feat. Kelly Starrett | MobilityWOD
FW9Ykpo5gZ8	NA	108.0	Daily RX  for April 15 | Feat. Kelly Starrett | MobilityWOD
0FaWrykOkmQ	NA	134.0	Daily RX for April 18 | Feat. Kelly Starrett | MobilityWOD
7r8GzUOGGcg	NA	141.0	Daily RX Easter Sunday, April 20 | Feat. Kelly Starrett | MobilityWOD
ufVlVuZad-o	NA	182.0	Daily RX for April 21 | Feat. Kelly Starrett | MobilityWOD
Zm9l4-KUQWo	NA	118.0	Daily RX for April 26 | Feat. Kelly Starrett | MobilityWOD
KEUysmezilQ	NA	132.0	Daily RX for April 22 | Feat. Kelly Starrett | MobilityWOD
Gre7x62JoNA	NA	151.0	Daily RX for April 23 | Feat. Kelly Starrett | MobilityWOD
ARiZ_JqRldc	NA	957.0	Baseline Movement Standards and Screening with Gray Cook | Feat. Kelly Starrett | MobilityWod
1pa_iC6XK_s	NA	85.0	Mike Jenkins Call to Action | Feat. Kelly Starrett | MobilityWOD
lk70FMAYW7I	NA	18.0	Jean Claude + Lisa Warren | MobilityWOD
k94954VQGRA	NA	140.0	New airplane back survival trick | Feat. Kelly Starrett | MobilityWOD
kBkCoXPn_Ic	NA	109.0	Low back ache test | Feat. Kelly Starrett | MobilityWOD
IvGEB9HnTAQ	NA	330.0	Forrest Griffin On Becoming a Supple Leopard | Feat. Stephan Bonnar | MobilityWOD
KzNVcNKPSdY	NA	180.0	BlackHawk Mob | MobilityWOD
Av6Sw1Pc4S0	NA	344.0	Open 13.5 Mayhem Prep and Ideas | Feat. Kelly Starrett | MobilityWOD
vdxua85HD8o	NA	1035.0	CF Open 13.4 Prep and Strategy | Feat. Kelly Starrett | MobilityWOD
daF2kgFUNwk	NA	347.0	Power Clean Spine Load Error | Feat. Kelly Starrett | MobilityWOD
A9nT5nNNshA	NA	996.0	CF Open 13.3 Strategy and Prep | Feat. Kelly Starrett | MobilityWOD
2AWJWU6gGuk	NA	437.0	Free your calcaneus | Feat. Kelly Starrett | MobilityWOD
I7fupElV8oU	NA	449.0	Crossroads alliance | Feat. Kelly Starrett | MobilityWOD
bxiFg0C_jXg	NA	1211.0	CrossFit Open Prep and Strategy for 13.2 | Feat. Kelly Starrett | MobilityWOD
87fSO_p8xX0	NA	859.0	TMJD  Mwod Part 1 | Feat. Kelly Starrett | MobilityWOD
LWLfWNafr3Y	NA	547.0	TMJ Mwod with Jill Miller | Feat. Kelly Starrett | MobilityWOD
umYlzclGGz8	NA	363.0	The HyperMobile Athlete and Low Back Pain | Feat. Kelly Starrett | MobilityWOD
kPiD_WHXsco	NA	1190.0	Crossfit Open 13.1 Dream Team Prep Video, Brian MacKenzie, Carl Paoli, Diane Fu, Kelly Starrett
_hvf9-YynQg	NA	243.0	Jill Miller Ankle Mob | Feat. Kelly Starrett | MobilityWOD
AvqMcW_VtkY	NA	140.0	Jump rope differential diagnosis | Feat. Kelly Starrett | MobilityWOD
R0km46DhNRc	NA	639.0	Jump Rope Mechanics | Feat. Kelly Starrett | MobilityWOD
xVKS4pgyjwc	NA	286.0	The QL is not a bone | Feat. Kelly Starrett | MobilityWOD
LojTfrkL7GA	NA	27.0	7Gs | Feat. Kelly Starrett | MobilityWOD
tVWbvaRvrEI	NA	120.0	Blue Angel Mwod | Feat. Kelly Starrett | MobilityWOD
oXOgjuGOQBY	NA	237.0	Better front rack shoulder stability | Feat. Kelly Starrett | MobilityWOD
GWH3G3GSHgo	NA	232.0	Shoulder pain/pulling edition | Feat. Kelly Starrett | MobilityWOD
1h2TUz2eod4	NA	309.0	Elbow mechanics in push-ups | Feat. Kelly Starrett | MobilityWOD
lEbdcYUSTBQ	NA	265.0	Tricep Partner Smash | Feat. Kelly Starrett | MobilityWOD
Xe1VFpGzsOE	NA	128.0	Terminal Knee Extension 3 | Feat. Kelly Starrett | MobilityWOD
2ENgwxb4zFA	NA	252.0	Terminal Knee Extension Part 2 | Feat. Kelly Starrett | MobilityWOD
g2qm3YRcD2U	NA	138.0	Full knee range part one TKE | Feat. Kelly Starrett | MobilityWOD
LlSyVwOP3d0	NA	155.0	The Batman hip opener | Feat. Kelly Starrett | MobilityWOD
3R-gjDfdoW4	NA	468.0	Shoulder bone spur surgery |  Feat. Kelly Starrett | MobilityWOD
drTxhTcvLgU	NA	292.0	Ankle compression demo | Feat. Kelly Starrett | MobilityWOD
mjbvf0P0bas	NA	376.0	Finding Torque | Feat. Kelly Starrett | MobilityWOD
FhB1TGZ1MMU	NA	350.0	Open vs Closed Torque systems | Feat. Kelly Starrett | MobilityWOD
98WdBPPohPM	NA	203.0	Making a better front rack | Feat. Kelly Starrett | MobilityWOD
XwYPajXfx4A	NA	183.0	500th video. Subscap Mwod | Feat. Kelly Starrett | MobilityWOD
rn9OoMj2JIc	NA	421.0	Hawaii Mobility | Feat. Kelly Starrett | MobilityWOD
8VWOLgpasDQ	NA	617.0	Missing Shoulder Corner | Feat. Kelly Starrett | MobilityWOD
R1vP808TEK4	NA	555.0	The missing shoulder corner | Feat. Kelly Starrett and Katie Hogan | MobilityWOD
nZ_b5TNIbPI	NA	270.0	Ankle impingement | Feat. Kelly Starrett | MobilityWOD
i463R5HGdVg	NA	284.0	Jill Miller and Neck Tissues | Feat. Kelly Starrett | MobilityWOD
XYIQi03btso	NA	329.0	Build a Problem List | Feat. Kelly Starrett | MobilityWOD
UGT2rLyURFs	NA	141.0	Pec Smash Barbell Quickie | Feat. Kelly Starrett | MobilityWOD
bpyNPtSguMQ	NA	150.0	The MWod Leopard Test | Feat. Kelly Starrett | MobilityWOD
PiiJGaGSMac	NA	156.0	Self mob variations | Feat. Diane Fu and Kelly Starrett | MobilityWOD
Dd5II6AUfh0	NA	249.0	Bent Elbows | Feat. Kelly Starrett | MobilityWOD
Rz_aw09RXuE	NA	321.0	Play more people | Feat. Kelly Starrett | MobilityWOD
5v-8xEpVjZQ	NA	233.0	Barbell Quickies | Feat. Kelly Starrett | MobilityWOD
5WQrUHNMNVw	NA	225.0	High hamstring pain and trigger points | Feat. Kelly Starrett | MobilityWOD
AggS_8twJVM	NA	200.0	Becoming a Supple Leopard Book Raffle | Feat. Kelly Starrett | MobilityWOD
Q_qGF2l8rvQ	NA	134.0	Is it your shoulders? Quick test | Feat. Kelly Starrett | MobilityWOD
GH0Ip8-Dkn0	NA	98.0	Posterior shoulder Mob | Feat. Kelly Starrett | MobilityWOD
x1T_OG3ISbc	NA	93.0	Better shoulder extension | Feat. Kelly Starrett | MobilityWOD
dacDWqWEgLM	NA	92.0	Mwod Fight Club | Feat. Kelly Starrett | MobilityWOD
q3UGl2rHz18	NA	167.0	Quick squat ankle test | Feat. Kelly Starrett | MobilityWOD
0UmJVgEWZu4	NA	1570.0	Icing Muscles Information | Feat. Kelly Starrett | MobilityWOD
xSjIfnTTD_Y	NA	236.0	World record mwod | Feat. Kelly Starrett | MobilityWOD
csPKjE3vOH8	NA	46.0	Becoming A Supple Leopard Official Trailer | Feat. Kelly Starrett | MobilityWOD
wE3uyUlQoP0	NA	185.0	Paoli and hook grip part 2 | Feat. Kelly Starrett | MobilityWOD
WYogzb2DHHk	NA	255.0	The Hook Grip | Feat. Kelly Starrett | MobilityWOD
eEfnn9T34oQ	NA	180.0	Burdick and Bell on round back | Feat. Kelly Starrett | MobilityWOD
beNe-7EbBhw	NA	270.0	Burdick and Bell on Round Back Dead Lifting Part 1 | Feat. Kelly Starrett | MobilityWOD
k2j1cGdFAhM	NA	152.0	Best overhead tspine prep | Feat. Kelly Starrett | MobilityWOD
bMLafrHPIPA	NA	213.0	First Rib overhead of death | Feat. Kelly Starrett | MobilityWOD
lWNirIqaDPk	NA	108.0	My favorite Shoulder Fix | Feat. Kelly Starrett | MobilityWOD
DPCCpKZ-mSE	NA	206.0	Jill Miller diaphragm mechanics | Feat. Kelly Starrett | MobilityWOD
C8sSUsJ-bTY	NA	297.0	Jill Miller Gut smash | Feat. Kelly Starrett | MobilityWOD
6p_9ew0Fe5Q	NA	299.0	Jill Miller Fixes your T-spine and breathing | Feat. Kelly Starrett | MobilityWOD
cWx8mL_3ZW0	NA	203.0	Jstar wellness fx case study | Feat. Kelly Starrett | MobilityWOD
t7VaIwSBEow	NA	105.0	You need full range | Feat. Kelly Starrett | MobilityWOD
zQQlXA_9noA	NA	158.0	Keep your kid's heels on the ground | Feat. Kelly Starrett | MobilityWOD
8lDPb8ZnX1w	NA	235.0	Setting the shoulder | Feat. Kelly Starrett | MobilityWOD
csJlN-k1F5I	NA	152.0	Your ass is a non-weight bearing surface | Feat. Kelly Starrett | MobilityWOD
B1YuOU8UXFQ	NA	347.0	Blood test case study | Feat. Kelly Starrett | MobilityWOD
bJl1cdxsNTM	NA	508.0	Personal biology and performance | Feat. Kelly Starrett | MobilityWOD
CrKstFEd3oU	NA	91.0	Better upper back extension-izer | Feat. Kelly Starrett | MobilityWOD
ss3tIvtTt2k	NA	335.0	Mwod Rehab/post surgery template | Feat. Kelly Starrett | MobilityWOD
uN642Z99TbA	NA	313.0	Torsion and trunk stab | Feat. Kelly Starrett | MobilityWOD
KKMYDrGXEOk	NA	357.0	Pregnant Mwod | Feat. Kelly Starrett | MobilityWOD
gRJG78k-9FY	NA	264.0	Overhead mwod | Feat. Kelly Starrett | MobilityWOD
-RYMV0salw8	NA	281.0	Patella femoral pain voodoo | Feat. Kelly Starrett | MobilityWOD
G-dWNxk2OpA	NA	372.0	How much ROM? | Feat. Kelly Starrett | MobilityWOD
dDWchJ-Td9M	NA	188.0	Bone Saw calf smash | Feat. Kelly Starrett | MobilityWOD
0dgbCDtqdlI	NA	314.0	Bench dip pull up elbow-itis | Feat. Kelly Starrett | MobilityWOD
vA2DWnAMWdo	NA	201.0	Sumo your groin | Feat. Kelly Starrett | MobilityWOD
NZGBjWRwEP0	NA	211.0	Movement transfer: push up | Feat. Kelly Starrett | MobilityWOD
vXQpQdKCdgQ	NA	211.0	Movement transfer: DU and Oly lifting | Feat. Kelly Starrett | MobilityWOD
Dl_sU3ZuAOw	NA	544.0	Movement hierarchy | Feat. Kelly Starrett | MobilityWOD
BymZgyue9aI	NA	460.0	Games open 12.5 prep | Feat. Kelly Starrett | MobilityWOD
IAmO8AerhWY	NA	109.0	Foot position test | Feat. Kelly Starrett | MobilityWOD
mNB_OROthEo	NA	634.0	Cf games open 12.4 | Feat. Kelly Starrett | MobilityWOD
UIbtp5BRw6A	NA	710.0	Games open 12.3 prep and mechanics | Feat. Kelly Starrett | MobilityWOD
5XsOb86izvA	NA	210.0	Adaptation Error: Cool Down | Feat. Kelly Starrett | MobilityWOD
VeEhmro6KYE	NA	600.0	Games Mwod | Prep and Mechanics | Feat. Kelly Starrett | MobilityWOD
_Gwgm3s2EQ0	NA	270.0	Tight ankles | Feat. Kelly Starrett | MobilityWOD
pVQB_6ESezU	NA	233.0	Setting the shoulder for bench | Feat. Kelly Starrett | MobilityWOD
3rWidQgT5yo	NA	143.0	Is your bed too firm? | Feat. Kelly Starrett | MobilityWOD
GZG_9O_mAgM	NA	317.0	Voodoo floss your elbow problems | Feat. Kelly Starrett | MobilityWOD
wu4zAsskzCQ	NA	320.0	Games WOD  | Feat. Kelly Starrett | MobilityWOD
EOYgXEE5IGk	NA	190.0	Serratus Smash party | Feat. Kelly Starrett | MobilityWOD
CcIaR2IFmAE	NA	265.0	Full Posterior Chain ROM | Feat. Kelly Starrett | MobilityWOD
JslrFB06wPU	NA	253.0	Sitting wrecks your hip action | Feat. Kelly Starrett | MobilityWOD
S_DLZ35GFrI	NA	102.0	Smash the best! Pat Mendes Tough | Feat. Kelly Starrett | MobilityWOD
-Y3u-NbiKyw	NA	295.0	Parkour visions MWOD | Feat. Kelly Starrett | MobilityWOD
XRH8sxloaTw	NA	190.0	Shoulder cycle 2/3 internal rotation | Feat. Kelly Starrett | MobilityWOD
IyeTe-C7q78	NA	236.0	Shoulder internal rotation cycle 1/3 | Feat. Kelly Starrett | MobilityWOD
F4Rk8EqPEoQ	NA	185.0	Rotation first | Feat. Kelly Starrett | MobilityWOD
1HiB4t11I3Q	NA	203.0	Squat 3/3 | Feat. Kelly Starrett | MobilityWOD
Lo59eqVip6I	NA	166.0	Squat 2/3 | Feat. Kelly Starrett | MobilityWOD
REeBy6Xjqak	NA	369.0	Clean up movement first Patella FX | Feat. Kelly Starrett | MobilityWOD
g-mBaHx6Gn4	NA	253.0	Day 1/3 squat cycle | Feat. Kelly Starrett | MobilityWOD
ETgGwtkFRgY	NA	159.0	Last project video | Feat. Kelly Starrett | MobilityWOD
p6Jr9REtEA0	NA	188.0	Shoulder wrapping missing Rom | Feat. Kelly Starrett | MobilityWOD
otDhL0c5JsI	NA	295.0	MWOD the problems with missing rom | Feat. Kelly Starrett | MobilityWOD
g-ovC98imE8	NA	244.0	Don't hang on your passive tissues or jeans | Feat. Kelly Starrett | MobilityWOD
JBHzXF-mVjY	NA	332.0	Super Squat Hip Sequence pre-workout | Feat. Kelly Starrett | MobilityWOD
icNOo-o7fZQ	NA	242.0	Hip demands of the upright torso | Feat. Kelly Starrett | MobilityWOD
4zlMVXHBasI	NA	69.0	IT band cont | Feat. Kelly Starrett | MobilityWOD
2CLXGkE2Y6s	NA	86.0	IT band hell cont | Feat. Kelly Starrett | MobilityWOD
Fw81R9jIAHs	NA	294.0	IT band pathomechanics | Feat. Kelly Starrett | MobilityWOD
0SIFd-1U7wA	NA	790.0	Pathomechanic pull up cues | Feat. Kelly Starrett | MobilityWOD
vUoKy0QNll4	NA	237.0	Paradigm shift away from Pathonogmonic cueing | Feat. Kelly Starrett | MobilityWOD
MM1F-MkTcvs	NA	297.0	Australia and the Pelvic Floor | Feat. Kelly Starrett | MobilityWOD
ghQj2vGHUPc	NA	29.0	Superfriend Legitness in Oz | Feat. Kelly Starrett | MobilityWOD
6ssEjw-CKXw	NA	289.0	Sydney MWOD | Feat. Kelly Starrett | MobilityWOD
e0tvXCcLiSw	NA	234.0	Mash party | Feat. Kelly Starrett | MobilityWOD
KEGF6efPDO8	NA	192.0	Mob for bench and dips | Feat. Kelly Starrett | MobilityWOD
weXE10IztZU	NA	259.0	Super Floss | Feat. Kelly Starrett | MobilityWOD
BIlE6-L_TPc	NA	139.0	Disposable heroes | Feat. Kelly Starrett | MobilityWOD
yURLeKhMDdc	NA	224.0	Worse is better: Floss Bomb | Feat. Kelly Starrett | MobilityWOD
-lDmMxVZtmY	NA	388.0	Perfusion and circulation | Feat. Kelly Starrett | MobilityWOD
Xl2uJ_Ps_sc	NA	250.0	One joint rule | Feat. Kelly Starrett | MobilityWOD
1uzGR4xrS9I	NA	45.0	Crushing Fu | Feat. Kelly Starrett | MobilityWOD
ZYsj7JsV4O8	NA	302.0	MWOD | Feat. Kelly Starrett | MobilityWOD
6XCMefKFw1Q	NA	197.0	Knee tweak fix | Feat. Kelly Starrett | MobilityWOD
MVcQuaM-OSo	NA	163.0	New hip flossing tweaks for anterior chain muscle stiffness | Feat. Kelly Starrett | MobilityWOD
hg_r_LPVMVM	NA	242.0	Sumo pulling | Feat. Kelly Starrett | MobilityWOD
bp-PjVy_Al4	NA	348.0	Bottom up pull set up for Olympic lifting | Feat. Kelly Starrett | MobilityWOD
qcaGGi6TDLg	NA	131.0	Gong Gong MWOD | Feat. Kelly Starrett | MobilityWOD
JVRTnKUgARA	NA	276.0	Compression Tack and Floss for the knee | Feat. Kelly Starrett | MobilityWOD
59lPmEGruPw	NA	202.0	Pose walking | Feat. Kelly Starrett | MobilityWOD
a-DJu0bEVPw	NA	340.0	Load order error deadlift | Feat. Kelly Starrett | MobilityWOD
Pve5_aI5c1w	NA	193.0	Awesome MWOD | Feat. Kelly Starrett | MobilityWOD
mD9NtKH8ZyA	NA	450.0	Runners Shoulders | Feat. Kelly Starrett | MobilityWOD
OzHAgsdF1rQ	NA	381.0	MWOD | Feat. Kelly Starrett | MobilityWOD
ig7carXZNuc	NA	392.0	MWOD | Feat. Kelly Starrett | MobilityWOD
0uNmXW5km64	NA	212.0	Most important MWOD ever: Slow Death by Texting | Feat. Kelly Starrett | MobilityWOD
xU4pmsUNEak	NA	257.0	Ultra runners feet | Feat. Kelly Starrett | MobilityWOD
f3FZhTwubn4	NA	263.0	MWOD | Feat. Kelly Starrett | MobilityWOD
Ric8kCTzHmg	NA	351.0	Tunnel backwards | Feat. Kelly Starrett | MobilityWOD
58seC11fFnI	NA	211.0	Coach stretch tweak | Feat. Kelly Starrett | MobilityWOD
nDOeoL7Ezbg	NA	375.0	Compression tack and floss | Feat. Kelly Starrett | Ep. 333 | MobilityWOD
qGpDgLRNjsA	NA	104.0	MWOD | Feat. Kelly Starrett | MobilityWOD
FQ9zLDQRTvA	NA	165.0	Johnson pumpkin | Feat. Kelly Starrett | MobilityWOD
43LgQpvW80Q	NA	131.0	Pumpkin patch back | Feat. Kelly Starrett | MobilityWOD
MHVKxX9DmpI	NA	311.0	Mwod dip corners | Feat. Kelly Starrett | MobilityWOD
qNgQkJM7RKU	NA	212.0	Mwod. Dip corners | Feat. Kelly Starrett | MobilityWOD
IvrG1nOn_ZA	NA	372.0	Low Back Pain and Better Surfing | Feat. Kelly Starrett | Ep. 328 | MobilityWOD
umzjEX9zB98	NA	123.0	Butterfly neck | Feat. Kelly Starrett | MobilityWOD
rv2e8VVjrgc	NA	319.0	AJ Roberts MWOD | Feat. Kelly Starrett | MobilityWOD
OgDRk47nRrQ	NA	172.0	Young athlete (Part 2) | Feat. Kelly Starrett | MobilityWOD
tgir9ErtgPY	NA	134.0	Young athlete | Feat. Kelly Starrett | MobilityWOD
pn_h3_3KbSc	NA	369.0	Neck | Feat. Kelly Starrett | MobilityWOD
hpp4jamrUTQ	NA	369.0	Neck | Feat. Kelly Starrett | MobilityWOD
hlXwq3o8NDA	NA	411.0	MWOD Osgood | Feat. Kelly Starrett | MobilityWOD
Yo2Wj8JC7QM	NA	236.0	Niger & Mobing in sketchy dry places | Feat. Kelly Starrett | MobilityWOD
QFMd3HYgQFA	NA	38.0	Great white shark MWOD | Feat. Kelly Starrett | MobilityWOD
JoTHQ_yT9RE	NA	210.0	Programming | Feat. Kelly Starrett | Ep. 321 | MobilityWOD
WpSQSmw3o00	NA	220.0	Epic Pistol 10 Min Squat Test | Feat. Kelly Starrett | Ep. 320 | MobilityWOD
lMQL7_HNV_Y	NA	258.0	Protect those heel cords man! | Feat. Kelly Starrett | Ep. 319 | MobilityWOD
tMpdl9cfMrg	NA	230.0	Knee pain on stairs and hills | Feat. Kelly Starrett | Ep. 319 | MobilityWOD
ICvYM-aUjNo	NA	139.0	Internal rotation tinkering | Feat. Kelly Starrett | MobilityWOD
t7fSwmqZbMI	NA	310.0	Fixing the Elbow | Feat. Kelly Starrett | MobilityWOD
jUeMFbY6Q4U	NA	320.0	Best internal rotation fix | Feat. Kelly Starrett | MobilityWOD
pKKCXXflCn4	NA	209.0	Erin (Part 2) | Feat. Kelly Starrett | MobilityWOD
ghli4p6t4iw	NA	244.0	MWOD Erin (Part 1) | Feat. Kelly Starrett | MobilityWOD
rvIYF4HUaNs	NA	185.0	Even The Best Need The Obvious | Feat. Kelly Starrett | MobilityWOD
hkepajNHiDw	NA	195.0	Super friend ankle mob | Feat. Kelly Starrett | MobilityWOD
cq64hxZMJbc	NA	206.0	MWOD your bed position | Feat. Kelly Starrett | MobilityWOD
JIDW86mS0O8	NA	28.0	Secret innovation lab | Feat. Kelly Starrett | MobilityWOD
iDGDOoGiNLc	NA	354.0	Say no to over pressure | Feat. Kelly Starrett | MobilityWOD
pIq5o00STHI	NA	340.0	Head positioning and the dip | Feat. Kelly Starrett | Ep. 310 | MobilityWOD
E57FU7e8S2w	NA	178.0	MWOD (Part 2) | Feat. Kelly Starrett | MobilityWOD
_8dESYCN6o4	NA	222.0	MWOD | Feat. Kelly Starrett | MobilityWOD
T4xVUqnIz18	NA	94.0	What that heel spur means | Feat. Kelly Starrett | MobilityWOD
7TIP8eNJmMg	NA	288.0	Load Ordering: The Two Squat Squat | Feat. Kelly Starrett | Ep. 309 | MobilityWOD
l1d9LPH8-1M	NA	511.0	I am MWOD. Meghan Kearney | Feat. Kelly Starrett | MobilityWOD
swdcqcFf2OY	NA	447.0	Set the Knee Hinge Up to Actually Hinge | Feat. Kelly Starrett | Ep. 306 | MobilityWOD
01h9SFf0VNA	NA	293.0	The tunnel. Solving foot strike | Feat. Kelly Starrett | Ep. 305 | MobilityWOD
xE4N6G4xJHU	NA	399.0	Fixing the front rack | Feat. Kelly Starrett | MobilityWOD
tBt5F2mMUtU	NA	293.0	Going around the ankle | Feat. Kelly Starrett | MobilityWOD
ws6-COcxlL0	NA	111.0	It's Rocket Science: The NASA Calf Game | Feat. Kelly Starrett | MobilityWOD
Wxxs_ZRRuj8	NA	20.0	When in Paleoania? Paleo Chair! | Feat. Kelly Starrett | MobilityWOD
9rj5YOleets	NA	322.0	High torn hamstring | Feat. Kelly Starrett | Ep. 302 | MobilityWOD
Xcx9P5KFNk8	NA	322.0	Psoas flossing and biker hips | Feat. Kelly Starrett | Ep. 301 | MobilityWOD
cS2rAtYsyy0	NA	280.0	Fire Breather 10 min squat Test + The Bear | Feat. Kelly Starrett | Ep. 300 | MobilityWOD
ng0FozbcXD4	NA	215.0	Improving lateral flexion mobility | Feat. Kelly Starrett | Ep. 299 | MobilityWOD
eVx6QFhgsYU	NA	385.0	Knee Survival for Helo Based Super Hero Friends | Feat. Kelly Starrett | Ep. 298 | MobilityWOD
LuJcHe_EebA	NA	257.0	Lat Hell, | Feat. Kelly Starrett | Ep. 297 | MobilityWOD
AG_LRzLgU34	NA	248.0	Long car ride recovery | Feat. Kelly Starrett | MobilityWOD
M4HsKhptyd8	NA	59.0	Always be mobilizing/ Street Style Mobility | Feat. Kelly Starrett | MobilityWOD
WPuGRbznCSc	NA	124.0	Do one thing. Hip opener | Feat. Kelly Starrett | MobilityWOD
pUBIvx60wY4	NA	22.0	See potential everywhere | Feat. Kelly Starrett | MobilityWOD
iDIpEWASS3g	NA	343.0	Prioritizing shoulder mob. What to fix first, & Wii mob | Feat. Kelly Starrett | MobilityWOD
3obt1KrMRDo	NA	314.0	Travel your feet | Feat. Kelly Starrett | Ep. 293 | MobilityWOD
yrzV9nP6kPg	NA	164.0	Floss with a super friend | Feat. Kelly Starrett | Ep. 291 | MobilityWOD
A2E3SbCUz34	NA	334.0	Forearm pump/elbow pain | Feat. Kelly Starrett | Ep. 291 | MobilityWOD
gTb3alz0Z8k	NA	263.0	Groin flexion mob | Feat. Kelly Starrett | Ep. 258 | MobilityWOD
FN7zosVTqdk	NA	251.0	Make the invisible, visible | Feat. Kelly Starrett | Ep. 290 | MobilityWOD
WMaBxBQvEyA	NA	227.0	Tongue lock and Head positioning | Feat. Kelly Starrett | Ep. 289 | MobilityWOD
z4lQVl9cqFg	NA	276.0	Agility guard and Head positioning | Feat. Kelly Starrett | Ep. 287 | MobilityWOD
1rjaJvBKS94	NA	372.0	Trigger Point World Head Quarters, Shoulder Mob  | Feat. Kelly Starrett | Ep. 286 | MobilityWOD
6xcGNazYZq4	NA	133.0	Sliding Surface Challenge for Hammies & Distal Calves | Feat. Kelly Starrett | Ep. 285 | MobilityWOD
lKewdExgRh4	NA	112.0	Ankle Sliding Surface Case Study | Feat. Kelly Starrett | Ep. 285 | MobilityWOD
e7Nugzlhy9U	NA	325.0	KStar Hijacks Supertraing + Grip Survival | Feat. Kelly Starrett | Ep. 284 | MobilityWOD
QLNCZrDLyiY	NA	301.0	Resetting After a Shoulder Tweak | Feat. Kelly Starrett | Ep. 283 | MobilityWOD
w6YeE8UYPO4	NA	212.0	Shoulder Range and Positional Inhibition | Feat. Kelly Starrett | Ep. 282 | MobilityWOD
OlVMcq2kSyk	NA	219.0	Runner's Legs and Hip Extension | Feat. Kelly Starrett | Ep. 281 | MobilityWOD
tdvJGaSB_Z4	NA	407.0	Muscle Stiffness and Athlete Mobility | Feat. Kelly Starrett | Ep. 280 | MobilityWOD
fCFlfgCqpK8	NA	322.0	Mob those lower leg and ankle bits | Feat. Kelly Starrett | Ep. 279 | MobilityWOD
dI22HIMZWWw	NA	284.0	Tissue Flossing for Better Sliding Surfaces | Feat. Kelly Starrett | Ep. 277 | MobilityWOD
GKjydz3EKnE	NA	346.0	Let's Get Real About Summer Time Hydration | Feat. Kelly Starrett | Ep. 276 | MobilityWOD
gPk2H-CCZgk	NA	262.0	Case Study: Stability & Position before "Stretching" | Feat. Kelly Starrett | MobilityWOD
ay3xNBukCTo	NA	292.0	The Standing Athlete | Feat. Kelly Starrett | Ep. 274 | MobilityWOD
3MMuqfru7eE	NA	699.0	Lateral Elbow Pain/Epicondylitis/Tennis/Kimura Elbow | Feat. Kelly Starrett | Ep. 273 | MobilityWOD
y0ayugSjKZA	NA	506.0	TJ Murphy Edition and Hamstring Stiffness | Feat. Kelly Starrett | Ep. 272 | MobilityWOD
3C5RoLj5pak	NA	334.0	Full Over head and Super Couch | Feat. Kelly Starrett | Ep. 271 | MobilityWOD
ofhKZ-cmSt4	NA	363.0	MobRx for Shin Splints | Feat. Kelly Starrett | Ep. 270 | MobilityWOD
dRmT1mja4uk	NA	407.0	On the Spot MobRx for Tight Hips | Feat. Kelly Starrett | Ep. 269 | MobilityWOD
xSvKRmwXhwc	NA	115.0	Best 10 min Squat Test EVER | Feat. Kelly Starrett | Ep. 268 | MobilityWOD
OuJ8NrMJj10	NA	418.0	MobRrx for loud creaky knees | Feat. Kelly Starrett | Ep. 267 | MobilityWOD
703zuQptNRU	NA	213.0	I Wish I Could Squat Jerk 207 kg | Feat. Kelly Starrett | Ep. 266 | MobilityWOD
Bq43bEmSees	NA	217.0	100 Episodes Left, Now Go Open Your Hips | Feat. Kelly Starrett | Ep. 265 | MobilityWOD
r6cmn_S98K8	NA	328.0	Landing Mechanics Safety & Super Frog | Feat. Kelly Starrett | Ep. 264 | MobilityWOD
fWsjAoCmOb4	NA	303.0	Squatting is loaded happy baby | Feat. Kelly Starrett | Ep. 263 | MobilityWOD
qy4p2HHyMP0	NA	139.0	Case study 2 | Feat. Kelly Starrett | MobilityWOD
OqmB1VhqZCM	NA	143.0	Hip Flexion Case Study | Feat. Kelly Starrett | Ep. 262 | MobilityWOD
nNExilo9GSI	NA	328.0	Perfect Pushup ER Lie Detector | Feat. Kelly Starrett | Ep. 261 | MobilityWOD
Fu0oj19--kM	NA	191.0	Positional Inhibition and Hip External Rotation | Feat. Kelly Starrett | Ep. 260 | MobilityWOD
vxhyEDDzQ20	NA	194.0	Back in Quadness Baby | Feat. Kelly Starrett | Ep. 259 | MobilityWOD
lOSvwy5jN-M	NA	288.0	Ankle Mobility-Self Mulligan | Feat. Kelly Starrett | Ep. 258 | MobilityWOD
aUy7plm004M	NA	337.0	Athletic Thoracic Outlet (TOS) | Feat. Kelly Starrett | Ep. 257 | MobilityWOD
ZauufL4JiGs	NA	320.0	Global Extension | Feat. Kelly Starrett | Ep. 256 (Part 2) | MobilityWOD
dlELYm3staY	NA	250.0	Global Extension | Feat. Kelly Starrett | Ep. 255 | MobilityWOD
JTEiwITS5rs	NA	359.0	The Dreaded Turf Toe | Feat. Kelly Starrett | Ep. 254 | MobilityWOD
CoEe_w5JQxg	NA	352.0	Knee Pain Case Study | Feat. Kelly Starrett | Ep. 253 | MobilityWOD
_ePljXQZEjk	NA	64.0	Case report 2 the hip | Feat. Kelly Starrett | MobilityWOD
n3fK-82wUjc	NA	46.0	Case study ankle rom | Feat. Kelly Starrett | MobilityWOD
LxL8t3UQyNs	NA	284.0	High Skilled Sitting | Feat. Kelly Starrett | Ep. 252 | MobilityWOD
RfPIOp2UGtc	NA	319.0	Two Joint Muscles and Your HIps | Feat. Kelly Starrett | Ep. 251 | MobilityWOD
HfG0ykuWbnM	NA	352.0	Loaded Hip Stability and Torque | Feat. Kelly Starrett | Ep. 250 | MobilityWOD
2jlEW8H3rwo	NA	199.0	Better Hip Extension in Running | Feat. Kelly Starrett | Ep. 249 | MobilityWOD
MlBNcJcS0UU	NA	315.0	Crossfit Ireland Invitational Prep | Feat. Kelly Starrett | Ep. 248 | MobilityWOD
n9bYQUHqhFc	NA	291.0	Scap Suppleness | Feat. Kelly Starrett | Ep. 247 | MobilityWOD
yKzK9EvzogY	NA	323.0	Retooling Old Favorites | Feat. Kelly Starrett | Ep. 246 | MobilityWOD
V0AtpSZ5fls	NA	257.0	Unglue those hips and legs | Feat. Kelly Starrett | Ep. 245 | MobilityWOD
7f77dA-_SzE	NA	277.0	Surviving Crutches: Shoulders | Feat. Kelly Starrett | Ep. 244 (Part 2) | MobilityWOD
RaM7BWyiKEk	NA	345.0	Don't Let Crutches Mess You Up #1 | Feat. Kelly Starrett | Ep. 243 | MobilityWOD
DyLohjF0X6o	NA	239.0	Soft Tissue Of The Shoulder | Feat. Kelly Starrett | Ep. 242 | MobilityWOD
hdz5K2fUTYM	NA	204.0	Sumo and Medial chain business | Feat. Kelly Starrett | Ep. 241 | MobilityWOD
LeBnV-816qc	NA	281.0	10 Min Squat Test #8, Athletic ACL Injury Prevention | Feat. Kelly Starrett | Ep. 240 | MobilityWOD
dLgt9pNCHsM	NA	215.0	Better Hip Extension | Feat. Kelly Starrett | Ep. 239 | MobilityWOD
aadzrWczjco	NA	169.0	Hip Opening | Feat. Kelly Starrett | Ep. 238 | MobilityWOD
aLj_VkfQzJI	NA	196.0	Heel Cord Love'n | Feat. Kelly Starrett | Ep. 237 | MobilityWOD
zFZv-_pRe2k	NA	330.0	Overhead Wrist Dysfunction | Feat. Kelly Starrett | Ep. 236 | MobilityWOD
5EiUquYdyPU	NA	191.0	Recover Your Anterior | Feat. Kelly Starrett | Ep. 235 | MobilityWOD
f8MypXBKQj8	NA	346.0	Improve Your Hip Flexion & Nerve Tunnels | Feat. Kelly Starrett | Ep. 234 | MobilityWOD
Jsyu2Fy_FyA	NA	204.0	The Ball and Your Back | Feat. Kelly Starrett | Ep. 233 | MobilityWOD
YsSgKoI_U4s	NA	295.0	What Are The Largest Holes? | Feat. Kelly Starrett | Ep. 232 | MobilityWOD
TQ3WQDc4VSc	NA	41.0	MWOD on a Roller Coaster: Space Mountain! | MobilityWOD
pV2nC4Ukt0o	NA	261.0	Pull Up Shoulder Clonk, and Better Hip Folding | Feat. Kelly Starrett | Ep. 231 | MobilityWOD
inKpTU_TFrU	NA	348.0	Squatting With Turned Out Feet? IR yourself. | Feat. Kelly Starrett | Ep. 230 | MobilityWOD
7Tx_qGl_L74	NA	309.0	Mind Your Shoulder Internal Rotation business | Feat. Kelly Starrett | Ep. 229 | MobilityWOD
HlA8jf6xy68	NA	160.0	PNF Your Prime Hip Movers | Feat. Kelly Starrett | Ep. 228 | MobilityWOD
Vf3TPLt5mkY	NA	335.0	Slaying The Exertional Headache Beast | Feat. Kelly Starrett | Ep. 227 | MobilityWOD
_qgEOqJYIjM	NA	312.0	Recovering Your  Overhead Shoulders | Feat. Kelly Starrett | Ep. 226 | MobilityWOD
QbY74WhGc6c	NA	145.0	Simple Anterior Chain Mob Rx | Feat. Kelly Starrett | Ep. 225 | MobilityWOD
8WG5j6gLP0Y	NA	117.0	Low Object Pulling From Narrow Stance | Feat. Kelly Starrett | Ep. 224 | MobilityWOD
qOY3TIBSaMM	NA	257.0	Fixing Elbow Pain In the Front Rack | Feat. Kelly Starrett | Ep. 223 | MobilityWOD
DoXIIVywwic	NA	189.0	Flexion+External Rotation Hip Opener | Feat. Kelly Starrett | Ep. 221 | MobilityWOD
OtUDPe-hF08	NA	251.0	Lower Leg Business | Feat. Kelly Starrett | Ep. 220 | MobilityWOD
DQOKAkksdHw	NA	275.0	Athletes Don't Wear Flip-Flops PSA | Feat. Kelly Starrett | Ep. 219 | MobilityWOD
sUjSZEB5QhA	NA	173.0	Evil Hip Extension Mob | Feat. Kelly Starrett | Ep. 218 | MobilityWOD
5MpRqylj1h4	NA	182.0	Clean and Jerk Lower Body Prep | Feat. Kelly Starrett | Ep. 217 | MobilityWOD
ULj-K0DsjPE	NA	183.0	Clean & Jerk Prep- Upper Body | Feat. Kelly Starrett | Ep. 216 | MobilityWOD
dm7l_m_4ebQ	NA	289.0	Neurodynamics The leg | Feat. Kelly Starrett | Ep. 215 (Part 1) | MobilityWOD
x1NooukEszM	NA	162.0	Neurodynamics | Feat. Kelly Starrett | Ep. 215 (Part 2) | MobilityWOD
yUKhljDYOZM	NA	283.0	Help, My Low Back Is Smoked From Jumping | Feat. Kelly Starrett | Ep. 214 | MobilityWOD
tYp1U8-c7h4	NA	303.0	Recovering your Jumping Calves | Feat. Kelly Starrett | Ep. 213 | MobilityWOD
RmGgYuMWf1A	NA	196.0	Pain Ball Calling Shoulder, Over | Feat. Kelly Starrett | Ep. 212 | MobilityWOD
eveYJP1indI	NA	166.0	The Simple Five Way Shoulder | Feat. Kelly Starrett | Ep. 211 | MobilityWOD
jzFgLf8CC1Y	NA	256.0	10 Min Squat Test # 7 | Feat. Kelly Starrett | Ep. 210 | MobilityWOD
O7VWzM6-Ig8	NA	259.0	Free Your Ribs,  Free Your Mind | Feat. Kelly Starrett | Ep. 209 | MobilityWOD
gAImWIOOjho	NA	432.0	Wide Stance Prep or Fixing Sumo | Feat. Kelly Starrett | Ep. 208 | MobilityWOD
HomJymq0VZE	NA	300.0	Deadlift/Pulling Prep Through Better Hip Positioning | Feat. Kelly Starrett | Ep. 207 | MobilityWOD
-tjWK03VFxY	NA	413.0	Shoulder Benching Discussion w/ Bell & Thompson | Feat. Kelly Starrett | Ep. 207 | MobilityWOD
IioW8A3fgW0	NA	188.0	The Couch Series | Feat. Kelly Starrett | Ep. 206 | MobilityWOD
ARQqB5NBDYs	NA	343.0	Donnie Thompson Shoulder Fix | Feat. Kelly Starrett | Ep. 205 (Part 2) | MobilityWOD
LJsDmZ2vY9k	NA	180.0	Donnie Thompson Shoulder Recovery | Feat. Kelly Starrett | Ep. 205 (Part One) | MobilityWOD
ePFJcca5Cdk	NA	715.0	Donnie Thompson: Strongest Powerlifter Ever Cares | Feat. Kelly Starrett | Ep. 204 | MobilityWOD
0c7iKglr6J8	NA	259.0	Delaminate Your Posterior Bits | Feat. Kelly Starrett | Ep. 203 | MobilityWOD
ULRl6ZRoPlM	NA	75.0	Hip Extension/Worse Than Water Boarding | Feat. Kelly Starrett | Ep. 202 | MobilityWOD
UCF0T6t_1AU	NA	439.0	Improved Compression for Better Rowing | Feat. Kelly Starrett | Ep. 201 | MobilityWOD
xoOJ-n6wlN0	NA	306.0	CF Games Open Workout #1 Prep | Feat. Kelly Starrett | Ep. 200 | MobilityWOD
0_Qmt-c9c78	NA	300.0	A Word About Your Shoulder Health | Feat. Kelly Starrett | Ep. 199 | MobilityWOD
jsUISMcXeCM	NA	230.0	Open Your Hips for Better Squatting | Feat. Kelly Starrett | Ep. 198 | MobilityWOD
AxMzxGRGVrc	NA	206.0	Mobilize in a Good Position, Recover the Quads to 11 | Feat. Kelly Starrett | Ep. 197 | MobilityWOD
ETO5PLzgmNY	NA	318.0	Let's Change the Way We Think About The Shoulder, Eh? | Feat. Kelly Starrett | Ep. 196 | MobilityWOD
uNzlUHwqPpo	NA	220.0	Why Do You Hate on Your Calfs? | Feat. Kelly Starrett | Ep. 194 | MobilityWOD
zhGN5qskElM	NA	310.0	Tactical Athlete Knee Fix / Team Rubicon | Feat. Kelly Starrett | Ep. 193 | MobilityWOD
kuWYe8Uh-gk	NA	447.0	A Neurodynamic Primer | Feat. Kelly Starrett | Ep. 192 | MobilityWOD
qWpT3KoTnrg	NA	356.0	Glen Cordoza, MMA Fighter and Improving The Guard | Feat. Kelly Starrett | Ep. 191 | MobilityWOD
2Rhj7pb16X0	NA	330.0	Super Spealer. And internal shoulder rotation | Feat. Kelly Starrett | Ep. 190 | MobilityWOD
CQ5_oQ9_fbE	NA	273.0	Rail Mobgression: Environmental Opp + NEW Ankle Mob | Feat. Kelly Starrett | Ep. 189 | MobilityWOD
HUy-8hkAPHQ	NA	267.0	Strong Bottom Position and Stunning! | Feat. Kelly Starrett | Ep. 188 | MobilityWOD
rCRjf9QKack	NA	239.0	Death by Chair. How Much Do You Actually Sit? | Feat. Kelly Starrett | Ep. 187 | MobilityWOD
iWohczFasOs	NA	367.0	Tissue Beat Down | Feat. Kelly Starrett | Ep. 186 | MobilityWOD
Q2v9povq8CI	NA	280.0	Improving the jump mechanism | Feat. Kelly Starrett | Ep. 185 | MobilityWOD
x-cjV-NcNpI	NA	157.0	Olympian Disco Pain Ball+ Hamstrings | Feat. Kelly Starrett | Ep. 184 | MobilityWOD
8GO3mN3TswU	NA	415.0	Half Way, and Internal Shoulder Rotation | Feat. Kelly Starrett | Ep. 183 | MobilityWOD
7j8GIxCAcMY	NA	226.0	Open Up Your Hips and Squat | Feat. Kelly Starrett | Ep. 182 | MobilityWOD
OFGbTAR0Xgo	NA	209.0	Ten Minute Squat Test #6 | Feat. Kelly Starrett | Ep. 181 | MobilityWOD
wdPfxLXm55Y	NA	163.0	Two Joint Muscle | Feat. Kelly Starrett | Ep. 180 | MobilityWOD
TuXxwQfBdu8	NA	251.0	Cindy and Mary Prep | Feat. Kelly Starrett | Ep. 179 | MobilityWOD
avwnOG6OsYg	NA	195.0	Flexioin + External Rotation Analogs | Feat. Kelly Starrett | Ep. 178 | MobilityWOD
h8hfgKjXYNE	NA	196.0	Mash Your Business | Feat. Kelly Starrett | Ep. 177 | MobilityWOD
rYzKP-Dc8kI	NA	198.0	Ring Shoulders and Shoulder Stability | Feat. Kelly Starrett | Ep. 176 | MobilityWOD
RmTk_d6MtTk	NA	295.0	Improve Your Shoulder Positioning In The Press & Rack | Feat. Kelly Starrett | Ep. 175 | MobilityWOD
b8jH-CJb8fM	NA	329.0	Over-extension Assessment and Prevention | Feat. Kelly Starrett | Ep. 174 | MobilityWOD
_OrCVT9N9kM	NA	265.0	Medial Chain Dominant | Feat. Kelly Starrett | Ep. 173 | MobilityWOD
8iwcM6_pI60	NA	255.0	Choose your own pain ball adventure | Feat. Kelly Starrett | Ep. 172 | MobilityWOD
--WhgUo7rQY	NA	90.0	The Big Lower Body Guns | Feat. Kelly Starrett | Ep. 171 | MobilityWOD
A3pCN86lm5Y	NA	184.0	Death by Desk? | Feat. Kelly Starrett | Ep. 170 | MobilityWOD
D2VcDSJ6wMU	NA	259.0	Forward Head On Neck Position | Feat. Kelly Starrett | Ep. 169 | MobilityWOD
WC0YtRMYT-w	NA	179.0	Muscle Lengthening & Sliding Surface Restoration | Feat. Kelly Starrett | Ep. 168 | MobilityWOD
skW14slOoR8	NA	160.0	Safety Conscious Stretching Show - Over Head Time | Feat. Kelly Starrett | Ep. 167 | MobilityWOD
zT657soclws	NA	234.0	Simple Recipes for Back Pain | Feat. Kelly Starrett | Ep. 166 | MobilityWOD
n_g6ga4-PXY	NA	250.0	Unglue that Heel Cord | Feat. Kelly Starrett | Ep. 165 | MobilityWOD
gV-sIFg4rcw	NA	242.0	Ninja Recovery & Some Hip and Shoulder Love | Feat. Kelly Starrett | Ep. 164 | MobilityWOD
V4swVgyUyuY	NA	183.0	Hip External Rotation | Feat. Kelly Starrett | Ep. 165 | MobilityWOD
q-zkyEhN0XI	NA	179.0	Tim Ferriss and Super Cop Police Car Mobility | Feat. Kelly Starrett | Ep. 164 | MobilityWOD
X0jgpcRXiUE	NA	205.0	Up Stream and Downstream/ Knee Pain & Heel Pain | Feat. Kelly Starrett | Ep. 163 | MobilityWOD
upFniHkAidg	NA	251.0	Shoulder Motion After a Fall | Feat. Kelly Starrett | Ep. 162 | MobilityWOD
SE-yVP691SA	NA	315.0	Hip Impingement: AIS | Feat. Kelly Starrett | Ep. 161 | MobilityWOD
GqheClYUBa4	NA	209.0	Improving "The Position" | Feat. Kelly Starrett | Ep. 160 | MobilityWOD
9PeDlA4Z0OQ	NA	332.0	Cosmo Magazine: Bachelor of the Year MWod | Feat. Kelly Starrett | Ep. 159 | MobilityWOD
RXCyNiSGrEs	NA	409.0	Normal Shoulder Have FULL Range | Feat. Kelly Starrett | Ep. 158 | MobilityWOD
gpU4HDYadJo	NA	249.0	Movement Prep | Feat. Kelly Starrett | Ep. 157 | MobilityWOD
Y78mNlHcW0U	NA	397.0	Split It Up! Champion Gymnast Style | Feat. Kelly Starrett | Ep. 156 | MobilityWOD
BzM3F6HAFD4	NA	282.0	Unglue the Peri-Scapular Region | Feat. Kelly Starrett | Ep. 155 | MobilityWOD
SA56ZCzYGTA	NA	282.0	Peri-Scapular Death by Pain Ball | Feat. Kelly Starrett | Ep. 155 | MobilityWOD
ploZzrbAdQs	NA	85.0	Unglue Yourself Already | Feat. Kelly Starrett | Ep. 154 | MobilityWOD
xLlMXj-Cg24	NA	167.0	Olympic Lifting Mobility | Feat. Kelly Starrett | Ep. 153 Part 2 | MobilityWOD
Vu0MFghKjqY	NA	272.0	Olympic Lifting Mobility | Feat. Kelly Starrett | Ep. 153 Part 1 | MobilityWOD
boFaQbYloCE	NA	275.0	Better Olympic Pulling | Feat. Kelly Starrett | Ep. 152 | MobilityWOD
mNGRadx0Q1M	NA	234.0	The Runner/Split Jerk Dream Mob | Feat. Kelly Starrett | Ep. 151 | MobilityWOD
m0fsBk8_tFY	NA	207.0	10 Min Squat Test | Feat. Kelly Starrett | Ep. 150 | MobilityWOD
ubxn7aNmNIU	NA	280.0	Partner TFL Mob and Deadlift Mob | Feat. Kelly Starrett | Ep. 149 | MobilityWOD
swytqZLmdao	NA	296.0	PNF Deadlift Mob Demo | Feat. Kelly Starrett | Ep. 148 | MobilityWOD
prUbJfLA77Q	NA	203.0	OA Of the Knee, Mobility as Diagnostic | Feat. Kelly Starrett | Ep. 147 | MobilityWOD
Qisgjx2FKZk	NA	205.0	Horizontal Adduction for Improved Positioning | Feat. Kelly Starrett | Ep. 146 | MobilityWOD
iLheJx3Gnsk	NA	437.0	Wrist Flexibility | Feat. Kelly Starrett | Ep. 145 | MobilityWOD
f4ymiYa-ZGQ	NA	180.0	Ze Hip Flexion | Feat. Kelly Starrett | Ep. 144 | MobilityWOD
sEN09C5j7DQ	NA	216.0	Mwod | Feat. Kelly Starrett | MobilityWOD
jO95qcbOjNA	NA	216.0	Thrower's Shoulder and Rib Cage Tilt | Feat. Kelly Starrett | Ep. 143 | MobilityWOD
m6Fy5pvvm-U	NA	238.0	Tight IT Band and Flexor Wad Fix | Feat. Kelly Starrett | Ep. 142 | MobilityWOD
yrpGCzSDkhU	NA	279.0	Professional Ballet Calves and Ankles | Feat. Kelly Starrett | Ep. 141 | MobilityWOD
PxdtCVUv8f0	NA	360.0	Water Polo Shoulder | Feat. Kelly Starrett | Ep. 140 | MobilityWOD
iDeI_8svBFk	NA	334.0	Posterior Chain Sliding Surface Gnar | Feat. Kelly Starrett | Ep. 139 | MobilityWOD
w9yd6us1LTs	NA	233.0	Banded Squat Opener | Feat. Kelly Starrett | Ep. 138 | MobilityWOD
FrB_XcYXG5k	NA	229.0	Best Hip Extensor Mob & Better Jerk Shoulders | Feat. Kelly Starrett | Ep. 137 | MobilityWOD
1KNZsE0RSzY	NA	295.0	Technical Fran Improvement | Feat. Kelly Starrett | Ep. 136 | MobilityWOD
PZNdCuLKh0o	NA	204.0	Badass American Cyclist Mobility-Levi Style | Feat. Levi Leipheimer | Ep. 135 | MobilityWOD
FUPC4ckSgxY	NA	273.0	Baby Shoulder Fix and 3rd Most Important Hip Mob | Feat. Kelly Starrett | Ep. 134 | MobilityWOD
gv_OyPCLPYE	NA	173.0	The 23:58 Rule- You've Got to Make Change | Feat. Kelly Starrett | Ep. 133 | MobilityWOD
-leorillMng	NA	232.0	You've got to fix the Abduction | Feat. Kelly Starrett | Ep. 132 | MobilityWOD
vlX15C3zvpM	NA	195.0	Medial Chain Opening | Feat. Kelly Starrett | Ep. 131 | MobilityWOD
lGWdasfPi2I	NA	222.0	Most Painful Yet, Improve your neck, Son. | Feat. Kelly Starrett | Ep. 130 | MobilityWOD
EURick0KUQI	NA	223.0	The Twin Bowstrings: Psoas and Scalene | Feat. Kelly Starrett | Ep. 129 | MobilityWOD
INBY84sqrR0	NA	379.0	The Pelvic Fault and Low Back Pain | Feat. Kelly Starrett | Ep. 128 | MobilityWOD
HGG2qs2x-XI	NA	378.0	Olympic Gold Mobility | Feat. Kelly Starrett | Ep. 127 | MobilityWOD
qdaWLKnbYUc	NA	188.0	Thinking Through a Big Work Piece-The Bull | Feat. Kelly Starrett | Ep. 126 | MobilityWOD
pTzRT4YaCx4	NA	80.0	Christmas Sparkles! | Feat. Kelly Starrett | Ep. 125 | MobilityWOD
8HJopmEacVU	NA	661.0	Injury and Training Essentials | Feat. Kelly Starrett | Ep. 124 | MobilityWOD
YAOdflv7d-U	NA	250.0	Novel Back and Hip Mobs + TV | Feat. Kelly Starrett | Ep. 123 | MobilityWOD
pl-bGCY5ARU	NA	299.0	Better Muscle Upping | Feat. Kelly Starrett | Ep. 122 | MobilityWOD
9Pwwqs8wXiE	NA	198.0	Global extension | Feat. Kelly Starrett | Ep. 121 | MobilityWOD
H_-Mtbl4dYY	NA	311.0	10 Min Squat Test #4 | Feat. Kelly Starrett | Ep. 120 | MobilityWOD
BN4lkEgU_34	NA	279.0	Most Embarrassing Mob Ever: Qudditich | Feat. Kelly Starrett | Ep. 119 | MobilityWOD
BaePO6wQBtk	NA	437.0	SI Area Pain; The Basics | Feat. Kelly Starrett | Ep. 118 | MobilityWOD
JfHFkG9fjz4	NA	274.0	Working the Deep Squat | Feat. Kelly Starrett | Ep. 117 | MobilityWOD
xLosXiFdZWg	NA	370.0	Shoulder Surgery? Take Care of Your Business | Feat. Kelly Starrett | Ep. 116 | MobilityWOD
MW0enNioxWo	NA	412.0	Lower Leg Sliding Surface | Feat. Kelly Starrett | Ep. 115 | MobilityWOD
PIojBQE2HFU	NA	254.0	Sliding Surface Dysfunction | Feat. Kelly Starrett | Ep. 114 | MobilityWOD
Xl9cSoJdoGg	NA	269.0	Improving Squatting Mechanics | Feat. Kelly Starrett | Ep. 1133 | MobilityWOD
gZJ2Wz0K04w	NA	280.0	The Triple Hip Extension Jersey Beatdown | Feat. Kelly Starrett | Ep. 112 | MobilityWOD
C7DxOAjaCeA	NA	469.0	Underground Strength Coach | Feat. Kelly Starrett | Ep. 111 | MobilityWOD
Q9zQXa9VmKU	NA	138.0	10x1 Min sets across | Feat. Kelly Starrett | Ep. 110 | MobilityWOD
jRozBCFU_pA	NA	367.0	The neck of a desk warrior poet | Feat. Kelly Starrett | Ep. 109 | MobilityWOD
mj22dprBQUM	NA	340.0	Loss of Ring Dip Power | Feat. Kelly Starrett | Ep. 108 | MobilityWOD
HIH5MCECBWg	NA	215.0	Loss of Ring Dip Power 2 | Feat. Kelly Starrett | Ep. 108 | MobilityWOD
UbTEIZTyHxc	NA	316.0	Knee Pain | Feat. Kelly Starrett | Ep. 107 | MobilityWOD
VN12Dtk90qg	NA	341.0	Deadlift Part 2 | Feat. Kelly Starrett | Ep. 106 | MobilityWOD
V5jcPSxQZo0	NA	269.0	Dead Lift Prep 2 | Feat. Kelly Starrett | Ep. 105 | MobilityWOD
2Btkof9fmeA	NA	269.0	Dead Lift Prep | Feat. Kelly Starrett | Ep. 105 | MobilityWOD
VQtwaPoK-UM	NA	224.0	Hammier Your High Hammy | Feat. Kelly Starrett | Ep. 104 | MobilityWOD
QcJq9mvtnsc	NA	455.0	Shoulder Relationships 3 | Feat. Kelly Starrett | Ep. 103 | MobilityWOD
wgWtWLK4QIs	NA	405.0	Shoulder Relationship 2: The Movers | Feat. Kelly Starrett | Ep. 102 | MobilityWOD
uaRf-A1VhFU	NA	418.0	Shoulder Relationships- soft tissues | Feat. Kelly Starrett | Ep. 101 | MobilityWOD
0Ro45mUvQzo	NA	272.0	Quads or Spine? Quads! Feat. Kelly Starrett | Ep. 100 | MobilityWOD
Un1PDhrU3h0	NA	483.0	Solving front rack problems | Feat. Kelly Starrett | Ep. 99 | MobilityWOD
ZrHjKhgXoKM	NA	11.0	Squatting is dangerous | Feat. Kelly Starrett | MobilityWOD
RQ9Z4PX_hF8	NA	367.0	Basic Upper Body Mobility List | Feat. Kelly Starrett | Ep. 96 | MobilityWOD
hL3CVpu8zN8	NA	294.0	Hip Mobilty For Improved Squatting Tomorrow | Feat. Kelly Starrett | Ep. 97 | MobilityWOD
LiBfXeCywJY	NA	312.0	Give Thanks for Partner Torture | Feat. Kelly Starrett | Ep. 96 | MobilityWOD
Yl53kPn_YXU	NA	391.0	The Lower Extremity Basic List | Feat. Kelly Starrett | Ep. 95 | MobilityWOD
VR1An7jpdUY	NA	378.0	Bench as Shoulder ER Torque Trainer | Feat. Kelly Starrett | Ep. 94 | MobilityWOD
9RgIR74XTNI	NA	266.0	Coast Guard Rescue Swimmer Internal Rotation | Feat. Kelly Starrett | Ep. 93 | MobilityWOD
LOXHvAb_s3s	NA	88.0	Mile High Club Hips | Feat. Kelly Starrett | Ep. 92 | MobilityWOD
hqrmwz66a7I	NA	196.0	The other side of death by sitting | Feat. Kelly Starrett | Ep. 91 | MobilityWOD
46EDDftgFZI	NA	264.0	10 min squat # 3 | Feat. Kelly Starrett | Ep. 90 | MobilityWOD
U4d7fsz3g7s	NA	378.0	Bro, Your Internal Rotation is Lacking | Feat. Kelly Starrett | Ep. 89 | MobilityWOD
ZkzFT6rRMhQ	NA	264.0	Desk Athlete Hip Rescue | Feat. Kelly Starrett | Ep. 88 | MobilityWOD
_713h6iug30	NA	358.0	Clearing Hip Impingement | Feat. Kelly Starrett | Ep. 87 | MobilityWOD
SXEfTDnkAcc	NA	471.0	New Shoulder Mob Zulu: First Rib Love | Feat. Kelly Starrett | Ep. 86 | MobilityWOD
FYwCcborKnE	NA	471.0	New Shoulder Mob | Feat. Kelly Starrett | Ep. 86 | MobilityWOD
_3PMm1Bj6VE	NA	248.0	Mobilizing Dorsifexion | Feat. Kelly Starrett | Ep. 84 | MobilityWOD
Q8vay90655Q	NA	338.0	Unglue Your Sticks Man | Feat. Kelly Starrett | Ep. 85 | MobilityWOD
n0z124bJy1k	NA	248.0	Calf Blaster | Feat. Kelly Starrett | Ep. 84 | MobilityWOD
dL_fYbPslKw	NA	311.0	Think of Your Hips and Shoulders As One joint | Feat. Kelly Starrett | Ep. 83 | MobilityWOD
bkyVZX-OMf8	NA	362.0	Medical Hamstring | Feat. Kelly Starrett | Ep. 82 | MobilityWOD
GSBuxSTK0Rs	NA	431.0	Benching Global (Extension) | Feat. Kelly Starrett | Ep. 81 | MobilityWOD
q0Elx93duAA	NA	326.0	Best Shoulder Mob Ever | Feat. Kelly Starrett | Ep. 80 | MobilityWOD
48AsfIjOOw4	NA	323.0	Unglue your arm's opposite ends | Feat. Kelly Starrett | Ep. 79 | MobilityWOD
yphER5FELSo	NA	535.0	Un-impinge yourself from mental slavery | Feat. Kelly Starrett | Ep. 78 | MobilityWOD
rsYLsjXVLR8	NA	471.0	Plantar Fasciitis | Feat. Kelly Starrett | Ep. 77 | MobilityWOD
nboERV7j00E	NA	261.0	Thoracic Extension | Feat. Kelly Starrett | Ep. 76 | MobilityWOD
oZaiBeNrsfQ	NA	349.0	Your Inside Pelvis Bits, World Record? | Feat. Kelly Starrett | Ep. 75 | MobilityWOD
4wH3a3RB9q4	NA	356.0	Box Squat Tension, New Pain Ball Hell | Feat. Kelly Starrett | Ep. 74 | MobilityWOD
V_HUPsZ4k_U	NA	254.0	Fight the  Airplane Fuzz | Feat. Kelly Starrett | Ep. 73 | MobilityWOD
9nI6l8s7g1k	NA	390.0	Square Dancing and Grenade Throwing | Feat. Kelly Starrett | Ep. 72 | MobilityWOD
HgEgIGE2ZI8	NA	334.0	Overhead squat/snatch prep | Feat. Kelly Starrett | Ep. 71 | MobilityWOD
jnluO-X8WIM	NA	283.0	Oslo hip mob & Horizontal Thoracic | Feat. Kelly Starrett | Ep. 70 | MobilityWOD
s7n1uGH_S0c	NA	433.0	Triple Extension Problems + Clown Ball Champion | Feat. Kelly Starrett | Ep. 69 | MobilityWOD
PiTtoxj4jdQ	NA	578.0	Torn Hamstring? | Feat. Kelly Starrett | Ep. 68 | MobilityWOD
M7EB1ft8UxY	NA	276.0	Ring Dip and Overhead Squat Prep | Feat. Kelly Starrett | Ep. 67 | MobilityWOD
oylx0Up7nG8	NA	566.0	Wrist Mobility | Feat. Kelly Starrett | Ep. 66 | MobilityWOD
ClPMZ3-QKLE	NA	563.0	Recovering Slack, Post Injury | Feat. Kelly Starrett | Ep. 65 | MobilityWOD
FkUN2_pqw0Q	NA	614.0	Heavy Met Con Prep | Feat. Kelly Starrett | Ep. 64 | MobilityWOD
HB_bPTHcA_g	NA	287.0	Plan Ahead and Mobilize Accordingly | Feat. Kelly Starrett | Ep. 63 | MobilityWOD
lhYWh7zLipA	NA	509.0	Car Gnarly | Feat. Kelly Starrett | Ep. 62 | MobilityWOD
KdHah3xPx6E	NA	375.0	IT Band Hell | Feat. Kelly Starrett | Ep. 61 | MobilityWOD
thTRWuGym60	NA	339.0	Paleo Chair Test 3 | Feat. Kelly Starrett | Ep. 60 | MobilityWOD
MhyqB3kGWzQ	NA	329.0	Upstream and downstream | Feat. Kelly Starrett | Ep. 59 | MobilityWOD
KU3bDl2R2a8	NA	361.0	Weird Hamstring Pain and Simple Neurodynamics | Feat. Kelly Starrett | Ep. 58 | MobilityWOD
EEHG8yFdAdc	NA	516.0	Hot elbows & Treatment | Feat. Kelly Starrett | Ep. 57 | MobilityWOD
JGiZvK2rnDU	NA	360.0	No Days Off & Best Ice Pack Ever | Feat. Kelly Starrett | Ep. 56 | MobilityWOD
tZeiaHBCrwE	NA	137.0	In and Out your HIps, For Points! | Feat. Kelly Starrett | Ep. 55 | MobilityWOD
NVVUa8aETgY	NA	484.0	Pinchy Ankles and Weak Feet | Feat. Kelly Starrett | Ep. 54 | MobilityWOD
IKlDKebXEfk	NA	453.0	Muscle up, Wall ball Prep | Feat. Kelly Starrett | Ep. 53 | MobilityWOD
7JU4LapWMXg	NA	375.0	Hip/Groin/Hammie and Neural Flossing | Feat. Kelly Starrett | Ep. 52 PII | MobilityWOD
xd7kgfIxwIU	NA	375.0	Snatch Prep & Neural Gliding | Feat. Kelly Starrett | Ep. 52 | MobilityWOD
gOyGVHt4Qio	NA	344.0	Unglue Yourself; Upper Body | Feat. Kelly Starrett | Ep. 51 | MobilityWOD
X6xtvMBbAMM	NA	176.0	Barbells for Boobs | Feat. Kelly Starrett | MobilityWOD
zaPYOZk78ko	NA	213.0	Pulling Sump and Barbells for Boobs | Feat. Kelly Starrett | Ep. 50 | MobilityWOD
nxBXYhBB8Bc	NA	644.0	Overextension In Running with Fixes and Machine | Feat. Kelly Starrett | Ep. 49 | MobilityWOD
4LfHe0IKv5I	NA	273.0	Low Extremity Modifications | Feat. Kelly Starrett | Ep. 48 | MobilityWOD
-ZU3X59t7is	NA	235.0	The 5 Way Shoulder | Feat. Kelly Starrett | Ep. 47 | MobilityWOD
ahxNmu3z978	NA	509.0	Partner Stretching With Boz and Angel | Feat. Kelly Starrett | Ep. 46 | MobilityWOD
RTWMejBP4rU	NA	334.0	Torque is king 3-way Hip Mob | Feat. Kelly Starrett | Ep. 45 | MobilityWOD
rkw3A6_WTXM	NA	336.0	Turning the Ship Around/ Hydration | Feat. Kelly Starrett | Ep. 44 | MobilityWOD
d2tcI069kLI	NA	342.0	Mobilize at the Position of Restriction | Feat. Kelly Starrett | Ep. 42 | MobilityWOD
Bjq8preeSjI	NA	239.0	Hamstrings, Lower Back, and Quads | Feat. Kelly Starrett | Ep. 41 | MobilityWOD
UhAbFc8Hr-Q	NA	381.0	Improving Shoulder Wind Up | Feat. Kelly Starrett | Ep. 40 | MobilityWOD
JU7Lqw1mmu8	NA	211.0	USAW Oly Prep | Feat. Kelly Starrett | Ep. 39 | MobilityWOD
yd3HeEoqfa4	NA	413.0	Lower Body Pillow Sleeping Support | Feat. Kelly Starrett | Ep. 38 | MobilityWOD
xnlDTyMRRGg	NA	447.0	Sleeping: neck shoulders and pillows | Feat. Kelly Starrett | Ep. 37 | MobilityWOD
WqwylViJ5mY	NA	134.0	Bias Bias. Hip flexion/External Rotation | Feat. Kelly Starrett | Ep. 36 | MobilityWOD
YynqIDCiRKM	NA	284.0	Spinal Rotation| Feat. Kelly Starrett | Ep. 35 | MobilityWOD
wr1xWHEB0U8	NA	304.0	Surviving the airplane seat | Feat. Kelly Starrett | Ep. 34 | MobilityWOD
mcSEdJGzNJg	NA	341.0	Posture and Operator Gun Shoulder | Feat. Kelly Starrett | Ep. 34 | MobilityWOD
ydoRfEXvmU8	NA	411.0	FGB Push Press Prep | Feat. Kelly Starrett | Ep. 33 | MobilityWOD
aJJ_hhT3AAU	NA	548.0	SDHP Shoulder Positioning | Feat. Kelly Starrett | Ep. 32 | MobilityWOD
TZtQ1hP0zFY	NA	298.0	10 min squat | Feat. Kelly Starrett | Ep. 31 | MobilityWOD
dg4jON9Ox6E	NA	20.0	Solving the short hip burpee. Flipper bias burps | Feat. Kelly Starrett | MobilityWOD
zSB9whpaSVI	NA	318.0	Partner Heelcords. Safeword? | Feat. Kelly Starrett | Ep. 30 | MobilityWOD
SaeAvGh6gkg	NA	316.0	Front of the hip; lower leg | Feat. Kelly Starrett | Ep. 29 | MobilityWOD
yVUoTYCUq0I	NA	175.0	Rowing redux. With perspective | Feat. Kelly Starrett | MobilityWOD
14Y-MU4o0ws	NA	326.0	Better Rowing: High hamstrings | Feat. Kelly Starrett | Ep. 28 | MobilityWOD
gCOXvGfWd8M	NA	299.0	Necking | Feat. Kelly Starrett | Ep. 27 | MobilityWOD
H4nWPeyDfNM	NA	295.0	Hips and psoas | Feat. Kelly Starrett | Ep. 25 | MobilityWOD
XEXFcPClb9Q	NA	411.0	Heel Cords of a Cheetah | Feat. Kelly Starrett | Ep. 24 | MobilityWOD
pN-Vvk7QMNk	NA	253.0	Ring Ready Shoulders | Feat. Kelly Starrett | MobilityWOD
fkPLnVU1KOo	NA	220.0	Running Recovery | Feat. Kelly Starrett | MobilityWOD
yt8JteQMAag	NA	227.0	Rob Orlando Goat Fest | Feat. Kelly Starrett | MobilityWOD
UpLUCrq-JdM	NA	412.0	Low Pulling Prep | Feat. Kelly Starrett | MobilityWOD
5nlarY4AdQw	NA	480.0	Sliding surface recovery | Feat. Kelly Starrett | MobilityWOD
vYTHwlV78y4	NA	385.0	Prepping For Fran, Hip Opener and T-spine Prep | Feat. Kelly Starrett | MobilityWOD
hzozw2Aso3M	NA	403.0	Scapular Mobility | Feat. Kelly Starrett | MobilityWOD
2iiKibqIQ20	NA	242.0	The Shoulder and The Back Squat Rack | Feat. Kelly Starrett | MobilityWOD
tJoTVVZadUs	NA	170.0	Overhead Squat Help | Feat. Kelly Starrett | MobilityWOD
qmyEgk0zNPc	NA	208.0	Chair of Death Mobility Drills | Feat. Kelly Starrett | MobilityWOD
8bc6Jq6b0Ig	NA	265.0	Chris Spealer Goat Match | Feat. Kelly Starrett | MobilityWOD
WAYqWzQAjHo	NA	141.0	Visco-elastic Properties of Tendons and Ligaments | Feat. Kelly Starrett | MobilityWOD
UY31J5BeKrg	NA	279.0	Improving the Squat | Feat. Kelly Starrett | MobilityWOD
Rcauv7ePD_0	NA	406.0	Improving the Split Jerk | Feat. Kelly Starrett | MobilityWOD
Ol0r8lUqB-Q	NA	486.0	PNF, High  Posterior Chain Mobilization | Feat. Kelly Starrett | MobilityWOD
hkHRLgqe5XQ	NA	200.0	Get better at Stretching | Feat. Kelly Starrett | MobilityWOD
RSE95NF4eVc	NA	400.0	How to Program Mobility | Feat. Kelly Starrett | MobilityWOD
3-th5SrJ1rQ	NA	302.0	Mobility, I has It | Feat. Kelly Starrett | Ep. 8 | MobilityWOD
nntuDmKS6SM	NA	356.0	Navicular Bone Drop | Feat. Kelly Starrett | Ep. 7 | MobilityWOD
TCoywIXVhgo	NA	331.0	Internal Shoulder Rotation and the Clean | Feat. Kelly Starrett | Ep. 6 | MobilityWOD
1ARPjekZPJw	NA	350.0	The Sink+Shoulder Extension | Feat. Kelly Starrett | Ep. 5 | MobilityWOD
yzHcIzIVRKw	NA	363.0	Extension of a Psoas Flavor | Feat. Kelly Starrett | Ep. 4 | MobilityWOD
e4cpBBDVGGU	NA	346.0	New Concept and Homework | Feat. Kelly Starrett | Ep. 3 | MobilityWOD
-ZX1QMTdAC4	NA	280.0	Don't Go In the Pain Cave | Feat. Kelly Starrett | Ep. 2 | MobilityWOD
7XwKnk16Zbs	NA	156.0	First of Many Beat Downs  | Feat. Kelly Starrett | Ep. 1 | MobilityWOD
